Lugar de residencia;Edad;Sexo;Medida;Valor;
Andalucía;TOTAL;Ambos sexos;Confirmados PDIA;1264446;
Andalucía;TOTAL;Ambos sexos;Tasa_PDIA;14924,283028423917;
Andalucía;TOTAL;Ambos sexos;Confirmados PDIA 14 días;72052;
Andalucía;TOTAL;Ambos sexos;Tasa PDIA 14 dias;850,431288298591;
Andalucía;TOTAL;Ambos sexos;Confirmados PDIA 7 días;25365;
Andalucía;TOTAL;Ambos sexos;Tasa PDIA 7 dias;299,3836344264387;
Andalucía;TOTAL;Ambos sexos;Fallecidos;12258;
Andalucía;TOTAL;Ambos sexos;Tasa_Mortalidad;144,6814346855622;
Andalucía;TOTAL;Ambos sexos;Total Confirmados;1270198;
Andalucía;TOTAL;Ambos sexos;Tasa_total;14992,174006749203;
Andalucía;De 0 a 4 años;Ambos sexos;Confirmados PDIA;43520;
Andalucía;De 0 a 4 años;Ambos sexos;Tasa_PDIA;12139,944098235357;
Andalucía;De 0 a 4 años;Ambos sexos;Confirmados PDIA 14 días;4805;
Andalucía;De 0 a 4 años;Ambos sexos;Tasa PDIA 14 dias;1340,3591772063623;
Andalucía;De 0 a 4 años;Ambos sexos;Confirmados PDIA 7 días;1579;
Andalucía;De 0 a 4 años;Ambos sexos;Tasa PDIA 7 dias;440,4635048509565;
Andalucía;De 0 a 4 años;Ambos sexos;Fallecidos;3;
Andalucía;De 0 a 4 años;Ambos sexos;Tasa_Mortalidad;0,8368527641246799;
Andalucía;De 0 a 4 años;Ambos sexos;Total Confirmados;43568;
Andalucía;De 0 a 4 años;Ambos sexos;Tasa_total;12153,333742461351;
Andalucía;De 5 a 11 años;Ambos sexos;Confirmados PDIA;91919;
Andalucía;De 5 a 11 años;Ambos sexos;Tasa_PDIA;14809,784359975767;
Andalucía;De 5 a 11 años;Ambos sexos;Confirmados PDIA 14 días;7740;
Andalucía;De 5 a 11 años;Ambos sexos;Tasa PDIA 14 dias;1247,051544797185;
Andalucía;De 5 a 11 años;Ambos sexos;Confirmados PDIA 7 días;2624;
Andalucía;De 5 a 11 años;Ambos sexos;Tasa PDIA 7 dias;422,77303017413607;
Andalucía;De 5 a 11 años;Ambos sexos;Fallecidos;1;
Andalucía;De 5 a 11 años;Ambos sexos;Tasa_Mortalidad;0,16111777064563113;
Andalucía;De 5 a 11 años;Ambos sexos;Total Confirmados;92012;
Andalucía;De 5 a 11 años;Ambos sexos;Tasa_total;14824,768312645812;
Andalucía;De 12 a 19 años;Ambos sexos;Confirmados PDIA;136655;
Andalucía;De 12 a 19 años;Ambos sexos;Tasa_PDIA;17837,796208840122;
Andalucía;De 12 a 19 años;Ambos sexos;Confirmados PDIA 14 días;5828;
Andalucía;De 12 a 19 años;Ambos sexos;Tasa PDIA 14 dias;760,7381823213218;
Andalucía;De 12 a 19 años;Ambos sexos;Confirmados PDIA 7 días;2082;
Andalucía;De 12 a 19 años;Ambos sexos;Tasa PDIA 7 dias;271,7667974593329;
Andalucía;De 12 a 19 años;Ambos sexos;Fallecidos;6;
Andalucía;De 12 a 19 años;Ambos sexos;Tasa_Mortalidad;0,7831896180384232;
Andalucía;De 12 a 19 años;Ambos sexos;Total Confirmados;136781;
Andalucía;De 12 a 19 años;Ambos sexos;Tasa_total;17854,24319081893;
Andalucía;De 20 a 29 años;Ambos sexos;Confirmados PDIA;195686;
Andalucía;De 20 a 29 años;Ambos sexos;Tasa_PDIA;21192,886391720647;
Andalucía;De 20 a 29 años;Ambos sexos;Confirmados PDIA 14 días;6497;
Andalucía;De 20 a 29 años;Ambos sexos;Tasa PDIA 14 dias;703,6281741514929;
Andalucía;De 20 a 29 años;Ambos sexos;Confirmados PDIA 7 días;2316;
Andalucía;De 20 a 29 años;Ambos sexos;Tasa PDIA 7 dias;250,82389584960097;
Andalucía;De 20 a 29 años;Ambos sexos;Fallecidos;50;
Andalucía;De 20 a 29 años;Ambos sexos;Tasa_Mortalidad;5,415023658238363;
Andalucía;De 20 a 29 años;Ambos sexos;Total Confirmados;196223;
Andalucía;De 20 a 29 años;Ambos sexos;Tasa_total;21251,043745810126;
Andalucía;De 30 a 39 años;Ambos sexos;Confirmados PDIA;197658;
Andalucía;De 30 a 39 años;Ambos sexos;Tasa_PDIA;17811,07062143838;
Andalucía;De 30 a 39 años;Ambos sexos;Confirmados PDIA 14 días;11649;
Andalucía;De 30 a 39 años;Ambos sexos;Tasa PDIA 14 dias;1049,697769223283;
Andalucía;De 30 a 39 años;Ambos sexos;Confirmados PDIA 7 días;4146;
Andalucía;De 30 a 39 años;Ambos sexos;Tasa PDIA 7 dias;373,59833043177366;
Andalucía;De 30 a 39 años;Ambos sexos;Fallecidos;97;
Andalucía;De 30 a 39 años;Ambos sexos;Tasa_Mortalidad;8,74072311912254;
Andalucía;De 30 a 39 años;Ambos sexos;Total Confirmados;198486;
Andalucía;De 30 a 39 años;Ambos sexos;Tasa_total;17885,68215486759;
Andalucía;De 40 a 49 años;Ambos sexos;Confirmados PDIA;219321;
Andalucía;De 40 a 49 años;Ambos sexos;Tasa_PDIA;15823,523639942166;
Andalucía;De 40 a 49 años;Ambos sexos;Confirmados PDIA 14 días;13723;
Andalucía;De 40 a 49 años;Ambos sexos;Tasa PDIA 14 dias;990,0840088770631;
Andalucía;De 40 a 49 años;Ambos sexos;Confirmados PDIA 7 días;4735;
Andalucía;De 40 a 49 años;Ambos sexos;Tasa PDIA 7 dias;341,6197465592723;
Andalucía;De 40 a 49 años;Ambos sexos;Fallecidos;214;
Andalucía;De 40 a 49 años;Ambos sexos;Tasa_Mortalidad;15,439625293280733;
Andalucía;De 40 a 49 años;Ambos sexos;Total Confirmados;220495;
Andalucía;De 40 a 49 años;Ambos sexos;Tasa_total;15908,225135709978;
Andalucía;De 50 a 59 años;Ambos sexos;Confirmados PDIA;173953;
Andalucía;De 50 a 59 años;Ambos sexos;Tasa_PDIA;13560,562712720593;
Andalucía;De 50 a 59 años;Ambos sexos;Confirmados PDIA 14 días;8126;
Andalucía;De 50 a 59 años;Ambos sexos;Tasa PDIA 14 dias;633,4649738927616;
Andalucía;De 50 a 59 años;Ambos sexos;Confirmados PDIA 7 días;2629;
Andalucía;De 50 a 59 años;Ambos sexos;Tasa PDIA 7 dias;204,94455037706993;
Andalucía;De 50 a 59 años;Ambos sexos;Fallecidos;759;
Andalucía;De 50 a 59 años;Ambos sexos;Tasa_Mortalidad;59,16809194986537;
Andalucía;De 50 a 59 años;Ambos sexos;Total Confirmados;175212;
Andalucía;De 50 a 59 años;Ambos sexos;Tasa_total;13658,708467351531;
Andalucía;De 60 a 69 años;Ambos sexos;Confirmados PDIA;98968;
Andalucía;De 60 a 69 años;Ambos sexos;Tasa_PDIA;10371,373299435572;
Andalucía;De 60 a 69 años;Ambos sexos;Confirmados PDIA 14 días;4997;
Andalucía;De 60 a 69 años;Ambos sexos;Tasa PDIA 14 dias;523,6617126473159;
Andalucía;De 60 a 69 años;Ambos sexos;Confirmados PDIA 7 días;1853;
Andalucía;De 60 a 69 años;Ambos sexos;Tasa PDIA 7 dias;194,18554203231466;
Andalucía;De 60 a 69 años;Ambos sexos;Fallecidos;1681;
Andalucía;De 60 a 69 años;Ambos sexos;Tasa_Mortalidad;176,16076425057796;
Andalucía;De 60 a 69 años;Ambos sexos;Total Confirmados;99680;
Andalucía;De 60 a 69 años;Ambos sexos;Tasa_total;10445,98749583439;
Andalucía;De 65 años;Ambos sexos;Confirmados PDIA;9046;
Andalucía;De 65 años;Ambos sexos;Tasa_PDIA;9907,995618838992;
Andalucía;De 65 años;Ambos sexos;Confirmados PDIA 14 días;458;
Andalucía;De 65 años;Ambos sexos;Tasa PDIA 14 dias;501,6429353778751;
Andalucía;De 65 años;Ambos sexos;Confirmados PDIA 7 días;153;
Andalucía;De 65 años;Ambos sexos;Tasa PDIA 7 dias;167,57940854326398;
Andalucía;De 65 años;Ambos sexos;Fallecidos;188;
Andalucía;De 65 años;Ambos sexos;Tasa_Mortalidad;205,9145673603505;
Andalucía;De 65 años;Ambos sexos;Total Confirmados;9103;
Andalucía;De 65 años;Ambos sexos;Tasa_total;9970,427163198248;
Andalucía;De 66 años;Ambos sexos;Confirmados PDIA;8577;
Andalucía;De 66 años;Ambos sexos;Tasa_PDIA;10054,392422572855;
Andalucía;De 66 años;Ambos sexos;Confirmados PDIA 14 días;406;
Andalucía;De 66 años;Ambos sexos;Tasa PDIA 14 dias;475,93369751248446;
Andalucía;De 66 años;Ambos sexos;Confirmados PDIA 7 días;169;
Andalucía;De 66 años;Ambos sexos;Tasa PDIA 7 dias;198,11033221578785;
Andalucía;De 66 años;Ambos sexos;Fallecidos;158;
Andalucía;De 66 años;Ambos sexos;Tasa_Mortalidad;185,2155768644644;
Andalucía;De 66 años;Ambos sexos;Total Confirmados;8621;
Andalucía;De 66 años;Ambos sexos;Tasa_total;10105,97144397815;
Andalucía;De 67 años;Ambos sexos;Confirmados PDIA;8121;
Andalucía;De 67 años;Ambos sexos;Tasa_PDIA;9416,634779281316;
Andalucía;De 67 años;Ambos sexos;Confirmados PDIA 14 días;409;
Andalucía;De 67 años;Ambos sexos;Tasa PDIA 14 dias;474,2523857561948;
Andalucía;De 67 años;Ambos sexos;Confirmados PDIA 7 días;134;
Andalucía;De 67 años;Ambos sexos;Tasa PDIA 7 dias;155,37853225264087;
Andalucía;De 67 años;Ambos sexos;Fallecidos;196;
Andalucía;De 67 años;Ambos sexos;Tasa_Mortalidad;227,27009195162393;
Andalucía;De 67 años;Ambos sexos;Total Confirmados;8162;
Andalucía;De 67 años;Ambos sexos;Tasa_total;9464,175971985482;
Andalucía;De 68 años;Ambos sexos;Confirmados PDIA;7568;
Andalucía;De 68 años;Ambos sexos;Tasa_PDIA;9009,952854897852;
Andalucía;De 68 años;Ambos sexos;Confirmados PDIA 14 días;376;
Andalucía;De 68 años;Ambos sexos;Tasa PDIA 14 dias;447,6403638268489;
Andalucía;De 68 años;Ambos sexos;Confirmados PDIA 7 días;150;
Andalucía;De 68 años;Ambos sexos;Tasa PDIA 7 dias;178,57993237773226;
Andalucía;De 68 años;Ambos sexos;Fallecidos;199;
Andalucía;De 68 años;Ambos sexos;Tasa_Mortalidad;236,91604362112483;
Andalucía;De 68 años;Ambos sexos;Total Confirmados;7608;
Andalucía;De 68 años;Ambos sexos;Tasa_total;9057,57417019858;
Andalucía;De 69 años;Ambos sexos;Confirmados PDIA;7116;
Andalucía;De 69 años;Ambos sexos;Tasa_PDIA;9173,886138613861;
Andalucía;De 69 años;Ambos sexos;Confirmados PDIA 14 días;436;
Andalucía;De 69 años;Ambos sexos;Tasa PDIA 14 dias;562,0874587458746;
Andalucía;De 69 años;Ambos sexos;Confirmados PDIA 7 días;172;
Andalucía;De 69 años;Ambos sexos;Tasa PDIA 7 dias;221,74092409240924;
Andalucía;De 69 años;Ambos sexos;Fallecidos;213;
Andalucía;De 69 años;Ambos sexos;Tasa_Mortalidad;274,5977722772277;
Andalucía;De 69 años;Ambos sexos;Total Confirmados;7152;
Andalucía;De 69 años;Ambos sexos;Tasa_total;9220,29702970297;
Andalucía;De 70 a 79 años;Ambos sexos;Confirmados PDIA;57509;
Andalucía;De 70 a 79 años;Ambos sexos;Tasa_PDIA;8860,556664021755;
Andalucía;De 70 a 79 años;Ambos sexos;Confirmados PDIA 14 días;4046;
Andalucía;De 70 a 79 años;Ambos sexos;Tasa PDIA 14 dias;623,3774237533607;
Andalucía;De 70 a 79 años;Ambos sexos;Confirmados PDIA 7 días;1615;
Andalucía;De 70 a 79 años;Ambos sexos;Tasa PDIA 7 dias;248,82712292676163;
Andalucía;De 70 a 79 años;Ambos sexos;Fallecidos;3061;
Andalucía;De 70 a 79 años;Ambos sexos;Tasa_Mortalidad;471,6159896463265;
Andalucía;De 70 a 79 años;Ambos sexos;Total Confirmados;57870;
Andalucía;De 70 a 79 años;Ambos sexos;Tasa_total;8916,176844440679;
Andalucía;De 80 y más años;Ambos sexos;Confirmados PDIA;48988;
Andalucía;De 80 y más años;Ambos sexos;Tasa_PDIA;11610,264091558693;
Andalucía;De 80 y más años;Ambos sexos;Confirmados PDIA 14 días;4641;
Andalucía;De 80 y más años;Ambos sexos;Tasa PDIA 14 dias;1099,9272403226073;
Andalucía;De 80 y más años;Ambos sexos;Confirmados PDIA 7 días;1786;
Andalucía;De 80 y más años;Ambos sexos;Tasa PDIA 7 dias;423,28594079210876;
Andalucía;De 80 y más años;Ambos sexos;Fallecidos;6383;
Andalucía;De 80 y más años;Ambos sexos;Tasa_Mortalidad;1512,7850840291323;
Andalucía;De 80 y más años;Ambos sexos;Total Confirmados;49594;
Andalucía;De 80 y más años;Ambos sexos;Tasa_total;11753,887428691962;
Almería;TOTAL;Ambos sexos;Confirmados PDIA;122274;
Almería;TOTAL;Ambos sexos;Tasa_PDIA;16708,846229529703;
Almería;TOTAL;Ambos sexos;Confirmados PDIA 14 días;12095;
Almería;TOTAL;Ambos sexos;Tasa PDIA 14 dias;1652,7920502000568;
Almería;TOTAL;Ambos sexos;Confirmados PDIA 7 días;4409;
Almería;TOTAL;Ambos sexos;Tasa PDIA 7 dias;602,4936047401447;
Almería;TOTAL;Ambos sexos;Fallecidos;1035;
Almería;TOTAL;Ambos sexos;Tasa_Mortalidad;141,433631414391;
Almería;TOTAL;Ambos sexos;Total Confirmados;122611;
Almería;TOTAL;Ambos sexos;Tasa_total;16754,897566521635;
Almería;De 0 a 4 años;Ambos sexos;Confirmados PDIA;5779;
Almería;De 0 a 4 años;Ambos sexos;Tasa_PDIA;15548,739473188582;
Almería;De 0 a 4 años;Ambos sexos;Confirmados PDIA 14 días;841;
Almería;De 0 a 4 años;Ambos sexos;Tasa PDIA 14 dias;2262,7599752468586;
Almería;De 0 a 4 años;Ambos sexos;Confirmados PDIA 7 días;292;
Almería;De 0 a 4 años;Ambos sexos;Tasa PDIA 7 dias;785,6431780880888;
Almería;De 0 a 4 años;Ambos sexos;Fallecidos;0;
Almería;De 0 a 4 años;Ambos sexos;Tasa_Mortalidad;0;
Almería;De 0 a 4 años;Ambos sexos;Total Confirmados;5783;
Almería;De 0 a 4 años;Ambos sexos;Tasa_total;15559,501708504857;
Almería;De 5 a 11 años;Ambos sexos;Confirmados PDIA;11065;
Almería;De 5 a 11 años;Ambos sexos;Tasa_PDIA;19052,292645970007;
Almería;De 5 a 11 años;Ambos sexos;Confirmados PDIA 14 días;1542;
Almería;De 5 a 11 años;Ambos sexos;Tasa PDIA 14 dias;2655,0958210651374;
Almería;De 5 a 11 años;Ambos sexos;Confirmados PDIA 7 días;559;
Almería;De 5 a 11 años;Ambos sexos;Tasa PDIA 7 dias;962,5152814367133;
Almería;De 5 a 11 años;Ambos sexos;Fallecidos;1;
Almería;De 5 a 11 años;Ambos sexos;Tasa_Mortalidad;1,7218520240370543;
Almería;De 5 a 11 años;Ambos sexos;Total Confirmados;11072;
Almería;De 5 a 11 años;Ambos sexos;Tasa_total;19064,345610138265;
Almería;De 12 a 19 años;Ambos sexos;Confirmados PDIA;14039;
Almería;De 12 a 19 años;Ambos sexos;Tasa_PDIA;21390,80617391172;
Almería;De 12 a 19 años;Ambos sexos;Confirmados PDIA 14 días;1203;
Almería;De 12 a 19 años;Ambos sexos;Tasa PDIA 14 dias;1832,975270832381;
Almería;De 12 a 19 años;Ambos sexos;Confirmados PDIA 7 días;464;
Almería;De 12 a 19 años;Ambos sexos;Tasa PDIA 7 dias;706,9829806036781;
Almería;De 12 a 19 años;Ambos sexos;Fallecidos;0;
Almería;De 12 a 19 años;Ambos sexos;Tasa_Mortalidad;0;
Almería;De 12 a 19 años;Ambos sexos;Total Confirmados;14049;
Almería;De 12 a 19 años;Ambos sexos;Tasa_total;21406,0428760799;
Almería;De 20 a 29 años;Ambos sexos;Confirmados PDIA;18940;
Almería;De 20 a 29 años;Ambos sexos;Tasa_PDIA;22279,207641274174;
Almería;De 20 a 29 años;Ambos sexos;Confirmados PDIA 14 días;1149;
Almería;De 20 a 29 años;Ambos sexos;Tasa PDIA 14 dias;1351,5738954500541;
Almería;De 20 a 29 años;Ambos sexos;Confirmados PDIA 7 días;425;
Almería;De 20 a 29 años;Ambos sexos;Tasa PDIA 7 dias;499,9294217286971;
Almería;De 20 a 29 años;Ambos sexos;Fallecidos;6;
Almería;De 20 a 29 años;Ambos sexos;Tasa_Mortalidad;7,057827130287489;
Almería;De 20 a 29 años;Ambos sexos;Total Confirmados;18995;
Almería;De 20 a 29 años;Ambos sexos;Tasa_total;22343,904389968477;
Almería;De 30 a 39 años;Ambos sexos;Confirmados PDIA;20091;
Almería;De 30 a 39 años;Ambos sexos;Tasa_PDIA;18870,635971709544;
Almería;De 30 a 39 años;Ambos sexos;Confirmados PDIA 14 días;2104;
Almería;De 30 a 39 años;Ambos sexos;Tasa PDIA 14 dias;1976,1991978735196;
Almería;De 30 a 39 años;Ambos sexos;Confirmados PDIA 7 días;775;
Almería;De 30 a 39 años;Ambos sexos;Tasa PDIA 7 dias;727,9250847680503;
Almería;De 30 a 39 años;Ambos sexos;Fallecidos;14;
Almería;De 30 a 39 años;Ambos sexos;Tasa_Mortalidad;13,149614434519616;
Almería;De 30 a 39 años;Ambos sexos;Total Confirmados;20142;
Almería;De 30 a 39 años;Ambos sexos;Tasa_total;18918,53813857815;
Almería;De 40 a 49 años;Ambos sexos;Confirmados PDIA;21408;
Almería;De 40 a 49 años;Ambos sexos;Tasa_PDIA;17422,442136788308;
Almería;De 40 a 49 años;Ambos sexos;Confirmados PDIA 14 días;2347;
Almería;De 40 a 49 años;Ambos sexos;Tasa PDIA 14 dias;1910,0556658745402;
Almería;De 40 a 49 años;Ambos sexos;Confirmados PDIA 7 días;827;
Almería;De 40 a 49 años;Ambos sexos;Tasa PDIA 7 dias;673,0362316481657;
Almería;De 40 a 49 años;Ambos sexos;Fallecidos;40;
Almería;De 40 a 49 años;Ambos sexos;Tasa_Mortalidad;32,553143005957224;
Almería;De 40 a 49 años;Ambos sexos;Total Confirmados;21475;
Almería;De 40 a 49 años;Ambos sexos;Tasa_total;17476,968651323285;
Almería;De 50 a 59 años;Ambos sexos;Confirmados PDIA;15000;
Almería;De 50 a 59 años;Ambos sexos;Tasa_PDIA;14563,672375626238;
Almería;De 50 a 59 años;Ambos sexos;Confirmados PDIA 14 días;1222;
Almería;De 50 a 59 años;Ambos sexos;Tasa PDIA 14 dias;1186,4538428676842;
Almería;De 50 a 59 años;Ambos sexos;Confirmados PDIA 7 días;414;
Almería;De 50 a 59 años;Ambos sexos;Tasa PDIA 7 dias;401,95735756728413;
Almería;De 50 a 59 años;Ambos sexos;Fallecidos;75;
Almería;De 50 a 59 años;Ambos sexos;Tasa_Mortalidad;72,81836187813118;
Almería;De 50 a 59 años;Ambos sexos;Total Confirmados;15073;
Almería;De 50 a 59 años;Ambos sexos;Tasa_total;14634,548914520952;
Almería;De 60 a 69 años;Ambos sexos;Confirmados PDIA;8152;
Almería;De 60 a 69 años;Ambos sexos;Tasa_PDIA;10734,790624176982;
Almería;De 60 a 69 años;Ambos sexos;Confirmados PDIA 14 días;737;
Almería;De 60 a 69 años;Ambos sexos;Tasa PDIA 14 dias;970,5030287068738;
Almería;De 60 a 69 años;Ambos sexos;Confirmados PDIA 7 días;281;
Almería;De 60 a 69 años;Ambos sexos;Tasa PDIA 7 dias;370,0289702396629;
Almería;De 60 a 69 años;Ambos sexos;Fallecidos;165;
Almería;De 60 a 69 años;Ambos sexos;Tasa_Mortalidad;217,27679747168818;
Almería;De 60 a 69 años;Ambos sexos;Total Confirmados;8190;
Almería;De 60 a 69 años;Ambos sexos;Tasa_total;10784,830129049249;
Almería;De 65 años;Ambos sexos;Confirmados PDIA;775;
Almería;De 65 años;Ambos sexos;Tasa_PDIA;10732,58551447168;
Almería;De 65 años;Ambos sexos;Confirmados PDIA 14 días;55;
Almería;De 65 años;Ambos sexos;Tasa PDIA 14 dias;761,6673590915385;
Almería;De 65 años;Ambos sexos;Confirmados PDIA 7 días;16;
Almería;De 65 años;Ambos sexos;Tasa PDIA 7 dias;221,5759590084476;
Almería;De 65 años;Ambos sexos;Fallecidos;19;
Almería;De 65 años;Ambos sexos;Tasa_Mortalidad;263,1214513225315;
Almería;De 65 años;Ambos sexos;Total Confirmados;778;
Almería;De 65 años;Ambos sexos;Tasa_total;10774,131006785763;
Almería;De 66 años;Ambos sexos;Confirmados PDIA;681;
Almería;De 66 años;Ambos sexos;Tasa_PDIA;9975,098872125385;
Almería;De 66 años;Ambos sexos;Confirmados PDIA 14 días;67;
Almería;De 66 años;Ambos sexos;Tasa PDIA 14 dias;981,3973927054343;
Almería;De 66 años;Ambos sexos;Confirmados PDIA 7 días;32;
Almería;De 66 años;Ambos sexos;Tasa PDIA 7 dias;468,72711293393877;
Almería;De 66 años;Ambos sexos;Fallecidos;11;
Almería;De 66 años;Ambos sexos;Tasa_Mortalidad;161,12494507104145;
Almería;De 66 años;Ambos sexos;Total Confirmados;683;
Almería;De 66 años;Ambos sexos;Tasa_total;10004,394316683756;
Almería;De 67 años;Ambos sexos;Confirmados PDIA;646;
Almería;De 67 años;Ambos sexos;Tasa_PDIA;9529,429119339136;
Almería;De 67 años;Ambos sexos;Confirmados PDIA 14 días;54;
Almería;De 67 años;Ambos sexos;Tasa PDIA 14 dias;796,5776663224665;
Almería;De 67 años;Ambos sexos;Confirmados PDIA 7 días;16;
Almería;De 67 años;Ambos sexos;Tasa PDIA 7 dias;236,02301224369378;
Almería;De 67 años;Ambos sexos;Fallecidos;25;
Almería;De 67 años;Ambos sexos;Tasa_Mortalidad;368,7859566307715;
Almería;De 67 años;Ambos sexos;Total Confirmados;649;
Almería;De 67 años;Ambos sexos;Tasa_total;9573,683434134828;
Almería;De 68 años;Ambos sexos;Confirmados PDIA;594;
Almería;De 68 años;Ambos sexos;Tasa_PDIA;8940,397350993377;
Almería;De 68 años;Ambos sexos;Confirmados PDIA 14 días;43;
Almería;De 68 años;Ambos sexos;Tasa PDIA 14 dias;647,2004816375677;
Almería;De 68 años;Ambos sexos;Confirmados PDIA 7 días;15;
Almería;De 68 años;Ambos sexos;Tasa PDIA 7 dias;225,76760987357017;
Almería;De 68 años;Ambos sexos;Fallecidos;15;
Almería;De 68 años;Ambos sexos;Tasa_Mortalidad;225,76760987357014;
Almería;De 68 años;Ambos sexos;Total Confirmados;598;
Almería;De 68 años;Ambos sexos;Tasa_total;9000,602046959662;
Almería;De 69 años;Ambos sexos;Confirmados PDIA;588;
Almería;De 69 años;Ambos sexos;Tasa_PDIA;9459,45945945946;
Almería;De 69 años;Ambos sexos;Confirmados PDIA 14 días;62;
Almería;De 69 años;Ambos sexos;Tasa PDIA 14 dias;997,4259974259975;
Almería;De 69 años;Ambos sexos;Confirmados PDIA 7 días;26;
Almería;De 69 años;Ambos sexos;Tasa PDIA 7 dias;418,2754182754183;
Almería;De 69 años;Ambos sexos;Fallecidos;22;
Almería;De 69 años;Ambos sexos;Tasa_Mortalidad;353,92535392535393;
Almería;De 69 años;Ambos sexos;Total Confirmados;590;
Almería;De 69 años;Ambos sexos;Tasa_total;9491,634491634491;
Almería;De 70 a 79 años;Ambos sexos;Confirmados PDIA;4416;
Almería;De 70 a 79 años;Ambos sexos;Tasa_PDIA;9189,279174296655;
Almería;De 70 a 79 años;Ambos sexos;Confirmados PDIA 14 días;452;
Almería;De 70 a 79 años;Ambos sexos;Tasa PDIA 14 dias;940,5693357749293;
Almería;De 70 a 79 años;Ambos sexos;Confirmados PDIA 7 días;185;
Almería;De 70 a 79 años;Ambos sexos;Tasa PDIA 7 dias;384,96753787248207;
Almería;De 70 a 79 años;Ambos sexos;Fallecidos;266;
Almería;De 70 a 79 años;Ambos sexos;Tasa_Mortalidad;553,5208922923256;
Almería;De 70 a 79 años;Ambos sexos;Total Confirmados;4434;
Almería;De 70 a 79 años;Ambos sexos;Tasa_total;9226,735475278841;
Almería;De 80 y más años;Ambos sexos;Confirmados PDIA;3380;
Almería;De 80 y más años;Ambos sexos;Tasa_PDIA;11430,503889076766;
Almería;De 80 y más años;Ambos sexos;Confirmados PDIA 14 días;498;
Almería;De 80 y más años;Ambos sexos;Tasa PDIA 14 dias;1684,139330402435;
Almería;De 80 y más años;Ambos sexos;Confirmados PDIA 7 días;187;
Almería;De 80 y más años;Ambos sexos;Tasa PDIA 7 dias;632,3977003719987;
Almería;De 80 y más años;Ambos sexos;Fallecidos;468;
Almería;De 80 y más años;Ambos sexos;Tasa_Mortalidad;1582,6851538721678;
Almería;De 80 y más años;Ambos sexos;Total Confirmados;3394;
Almería;De 80 y más años;Ambos sexos;Tasa_total;11477,849171457558;
Cádiz;TOTAL;Ambos sexos;Confirmados PDIA;172198;
Cádiz;TOTAL;Ambos sexos;Tasa_PDIA;13820,50788147292;
Cádiz;TOTAL;Ambos sexos;Confirmados PDIA 14 días;7885;
Cádiz;TOTAL;Ambos sexos;Tasa PDIA 14 dias;632,84535619121;
Cádiz;TOTAL;Ambos sexos;Confirmados PDIA 7 días;2702;
Cádiz;TOTAL;Ambos sexos;Tasa PDIA 7 dias;216,8608944107355;
Cádiz;TOTAL;Ambos sexos;Fallecidos;1703;
Cádiz;TOTAL;Ambos sexos;Tasa_Mortalidad;136,68175543356128;
Cádiz;TOTAL;Ambos sexos;Total Confirmados;172592;
Cádiz;TOTAL;Ambos sexos;Tasa_total;13852,130084432887;
Cádiz;De 0 a 4 años;Ambos sexos;Confirmados PDIA;5882;
Cádiz;De 0 a 4 años;Ambos sexos;Tasa_PDIA;11459,185661406585;
Cádiz;De 0 a 4 años;Ambos sexos;Confirmados PDIA 14 días;518;
Cádiz;De 0 a 4 años;Ambos sexos;Tasa PDIA 14 dias;1009,1564387297876;
Cádiz;De 0 a 4 años;Ambos sexos;Confirmados PDIA 7 días;164;
Cádiz;De 0 a 4 años;Ambos sexos;Tasa PDIA 7 dias;319,50126631599454;
Cádiz;De 0 a 4 años;Ambos sexos;Fallecidos;1;
Cádiz;De 0 a 4 años;Ambos sexos;Tasa_Mortalidad;1,9481784531463082;
Cádiz;De 0 a 4 años;Ambos sexos;Total Confirmados;5887;
Cádiz;De 0 a 4 años;Ambos sexos;Tasa_total;11468,926553672316;
Cádiz;De 5 a 11 años;Ambos sexos;Confirmados PDIA;12231;
Cádiz;De 5 a 11 años;Ambos sexos;Tasa_PDIA;13403,10119993425;
Cádiz;De 5 a 11 años;Ambos sexos;Confirmados PDIA 14 días;952;
Cádiz;De 5 a 11 años;Ambos sexos;Tasa PDIA 14 dias;1043,2305079173743;
Cádiz;De 5 a 11 años;Ambos sexos;Confirmados PDIA 7 días;335;
Cádiz;De 5 a 11 años;Ambos sexos;Tasa PDIA 7 dias;367,103172428908;
Cádiz;De 5 a 11 años;Ambos sexos;Fallecidos;0;
Cádiz;De 5 a 11 años;Ambos sexos;Tasa_Mortalidad;0;
Cádiz;De 5 a 11 años;Ambos sexos;Total Confirmados;12232;
Cádiz;De 5 a 11 años;Ambos sexos;Tasa_total;13404,197030299709;
Cádiz;De 12 a 19 años;Ambos sexos;Confirmados PDIA;18757;
Cádiz;De 12 a 19 años;Ambos sexos;Tasa_PDIA;16005,085584586242;
Cádiz;De 12 a 19 años;Ambos sexos;Confirmados PDIA 14 días;680;
Cádiz;De 12 a 19 años;Ambos sexos;Tasa PDIA 14 dias;580,2344829940099;
Cádiz;De 12 a 19 años;Ambos sexos;Confirmados PDIA 7 días;222;
Cádiz;De 12 a 19 años;Ambos sexos;Tasa PDIA 7 dias;189,42949297745616;
Cádiz;De 12 a 19 años;Ambos sexos;Fallecidos;0;
Cádiz;De 12 a 19 años;Ambos sexos;Tasa_Mortalidad;0;
Cádiz;De 12 a 19 años;Ambos sexos;Total Confirmados;18764;
Cádiz;De 12 a 19 años;Ambos sexos;Tasa_total;16011,058586617062;
Cádiz;De 20 a 29 años;Ambos sexos;Confirmados PDIA;25803;
Cádiz;De 20 a 29 años;Ambos sexos;Tasa_PDIA;19660,027734178566;
Cádiz;De 20 a 29 años;Ambos sexos;Confirmados PDIA 14 días;578;
Cádiz;De 20 a 29 años;Ambos sexos;Tasa PDIA 14 dias;440,3943739237767;
Cádiz;De 20 a 29 años;Ambos sexos;Confirmados PDIA 7 días;190;
Cádiz;De 20 a 29 años;Ambos sexos;Tasa PDIA 7 dias;144,76631668774667;
Cádiz;De 20 a 29 años;Ambos sexos;Fallecidos;6;
Cádiz;De 20 a 29 años;Ambos sexos;Tasa_Mortalidad;4,571567895402526;
Cádiz;De 20 a 29 años;Ambos sexos;Total Confirmados;25829;
Cádiz;De 20 a 29 años;Ambos sexos;Tasa_total;19679,83786172531;
Cádiz;De 30 a 39 años;Ambos sexos;Confirmados PDIA;26728;
Cádiz;De 30 a 39 años;Ambos sexos;Tasa_PDIA;16548,20575051388;
Cádiz;De 30 a 39 años;Ambos sexos;Confirmados PDIA 14 días;1170;
Cádiz;De 30 a 39 años;Ambos sexos;Tasa PDIA 14 dias;724,3864384952574;
Cádiz;De 30 a 39 años;Ambos sexos;Confirmados PDIA 7 días;427;
Cádiz;De 30 a 39 años;Ambos sexos;Tasa PDIA 7 dias;264,3700933653632;
Cádiz;De 30 a 39 años;Ambos sexos;Fallecidos;13;
Cádiz;De 30 a 39 años;Ambos sexos;Tasa_Mortalidad;8,048738205502861;
Cádiz;De 30 a 39 años;Ambos sexos;Total Confirmados;26783;
Cádiz;De 30 a 39 años;Ambos sexos;Tasa_total;16582,258104460238;
Cádiz;De 40 a 49 años;Ambos sexos;Confirmados PDIA;29860;
Cádiz;De 40 a 49 años;Ambos sexos;Tasa_PDIA;14471,401293024068;
Cádiz;De 40 a 49 años;Ambos sexos;Confirmados PDIA 14 días;1495;
Cádiz;De 40 a 49 años;Ambos sexos;Tasa PDIA 14 dias;724,5393480599793;
Cádiz;De 40 a 49 años;Ambos sexos;Confirmados PDIA 7 días;518;
Cádiz;De 40 a 49 años;Ambos sexos;Tasa PDIA 7 dias;251,044402872956;
Cádiz;De 40 a 49 años;Ambos sexos;Fallecidos;25;
Cádiz;De 40 a 49 años;Ambos sexos;Tasa_Mortalidad;12,116042609698649;
Cádiz;De 40 a 49 años;Ambos sexos;Total Confirmados;29946;
Cádiz;De 40 a 49 años;Ambos sexos;Tasa_total;14513,08047960143;
Cádiz;De 50 a 59 años;Ambos sexos;Confirmados PDIA;24079;
Cádiz;De 50 a 59 años;Ambos sexos;Tasa_PDIA;12523,469477976398;
Cádiz;De 50 a 59 años;Ambos sexos;Confirmados PDIA 14 días;893;
Cádiz;De 50 a 59 años;Ambos sexos;Tasa PDIA 14 dias;464,4486167960847;
Cádiz;De 50 a 59 años;Ambos sexos;Confirmados PDIA 7 días;280;
Cádiz;De 50 a 59 años;Ambos sexos;Tasa PDIA 7 dias;145,62778578152714;
Cádiz;De 50 a 59 años;Ambos sexos;Fallecidos;121;
Cádiz;De 50 a 59 años;Ambos sexos;Tasa_Mortalidad;62,932007427017076;
Cádiz;De 50 a 59 años;Ambos sexos;Total Confirmados;24144;
Cádiz;De 50 a 59 años;Ambos sexos;Tasa_total;12557,275928247109;
Cádiz;De 60 a 69 años;Ambos sexos;Confirmados PDIA;14519;
Cádiz;De 60 a 69 años;Ambos sexos;Tasa_PDIA;10041,07997454978;
Cádiz;De 60 a 69 años;Ambos sexos;Confirmados PDIA 14 días;569;
Cádiz;De 60 a 69 años;Ambos sexos;Tasa PDIA 14 dias;393,5101939196105;
Cádiz;De 60 a 69 años;Ambos sexos;Confirmados PDIA 7 días;197;
Cádiz;De 60 a 69 años;Ambos sexos;Tasa PDIA 7 dias;136,24166643613933;
Cádiz;De 60 a 69 años;Ambos sexos;Fallecidos;263;
Cádiz;De 60 a 69 años;Ambos sexos;Tasa_Mortalidad;181,88608260256163;
Cádiz;De 60 a 69 años;Ambos sexos;Total Confirmados;14576;
Cádiz;De 60 a 69 años;Ambos sexos;Tasa_total;10080,500152148054;
Cádiz;De 65 años;Ambos sexos;Confirmados PDIA;1344;
Cádiz;De 65 años;Ambos sexos;Tasa_PDIA;9677,41935483871;
Cádiz;De 65 años;Ambos sexos;Confirmados PDIA 14 días;62;
Cádiz;De 65 años;Ambos sexos;Tasa PDIA 14 dias;446,42857142857144;
Cádiz;De 65 años;Ambos sexos;Confirmados PDIA 7 días;20;
Cádiz;De 65 años;Ambos sexos;Tasa PDIA 7 dias;144,00921658986175;
Cádiz;De 65 años;Ambos sexos;Fallecidos;28;
Cádiz;De 65 años;Ambos sexos;Tasa_Mortalidad;201,61290322580646;
Cádiz;De 65 años;Ambos sexos;Total Confirmados;1350;
Cádiz;De 65 años;Ambos sexos;Tasa_total;9720,622119815669;
Cádiz;De 66 años;Ambos sexos;Confirmados PDIA;1277;
Cádiz;De 66 años;Ambos sexos;Tasa_PDIA;10002,349808099005;
Cádiz;De 66 años;Ambos sexos;Confirmados PDIA 14 días;38;
Cádiz;De 66 años;Ambos sexos;Tasa PDIA 14 dias;297,6423592073314;
Cádiz;De 66 años;Ambos sexos;Confirmados PDIA 7 días;17;
Cádiz;De 66 años;Ambos sexos;Tasa PDIA 7 dias;133,15579227696406;
Cádiz;De 66 años;Ambos sexos;Fallecidos;30;
Cádiz;De 66 años;Ambos sexos;Tasa_Mortalidad;234,9808099005248;
Cádiz;De 66 años;Ambos sexos;Total Confirmados;1279;
Cádiz;De 66 años;Ambos sexos;Tasa_total;10018,015195425707;
Cádiz;De 67 años;Ambos sexos;Confirmados PDIA;1216;
Cádiz;De 67 años;Ambos sexos;Tasa_PDIA;9244,336323551772;
Cádiz;De 67 años;Ambos sexos;Confirmados PDIA 14 días;50;
Cádiz;De 67 años;Ambos sexos;Tasa PDIA 14 dias;380,112513303938;
Cádiz;De 67 años;Ambos sexos;Confirmados PDIA 7 días;16;
Cádiz;De 67 años;Ambos sexos;Tasa PDIA 7 dias;121,63600425726015;
Cádiz;De 67 años;Ambos sexos;Fallecidos;24;
Cádiz;De 67 años;Ambos sexos;Tasa_Mortalidad;182,4540063858902;
Cádiz;De 67 años;Ambos sexos;Total Confirmados;1217;
Cádiz;De 67 años;Ambos sexos;Tasa_total;9251,93857381785;
Cádiz;De 68 años;Ambos sexos;Confirmados PDIA;1115;
Cádiz;De 68 años;Ambos sexos;Tasa_PDIA;8722,522099663616;
Cádiz;De 68 años;Ambos sexos;Confirmados PDIA 14 días;30;
Cádiz;De 68 años;Ambos sexos;Tasa PDIA 14 dias;234,6866932644919;
Cádiz;De 68 años;Ambos sexos;Confirmados PDIA 7 días;5;
Cádiz;De 68 años;Ambos sexos;Tasa PDIA 7 dias;39,11444887741531;
Cádiz;De 68 años;Ambos sexos;Fallecidos;30;
Cádiz;De 68 años;Ambos sexos;Tasa_Mortalidad;234,6866932644919;
Cádiz;De 68 años;Ambos sexos;Total Confirmados;1118;
Cádiz;De 68 años;Ambos sexos;Tasa_total;8745,990768990065;
Cádiz;De 69 años;Ambos sexos;Confirmados PDIA;1081;
Cádiz;De 69 años;Ambos sexos;Tasa_PDIA;9251,968503937007;
Cádiz;De 69 años;Ambos sexos;Confirmados PDIA 14 días;49;
Cádiz;De 69 años;Ambos sexos;Tasa PDIA 14 dias;419,37692571037314;
Cádiz;De 69 años;Ambos sexos;Confirmados PDIA 7 días;15;
Cádiz;De 69 años;Ambos sexos;Tasa PDIA 7 dias;128,3806915439918;
Cádiz;De 69 años;Ambos sexos;Fallecidos;31;
Cádiz;De 69 años;Ambos sexos;Tasa_Mortalidad;265,320095857583;
Cádiz;De 69 años;Ambos sexos;Total Confirmados;1086;
Cádiz;De 69 años;Ambos sexos;Tasa_total;9294,762067785005;
Cádiz;De 70 a 79 años;Ambos sexos;Confirmados PDIA;8257;
Cádiz;De 70 a 79 años;Ambos sexos;Tasa_PDIA;8721,231133221374;
Cádiz;De 70 a 79 años;Ambos sexos;Confirmados PDIA 14 días;519;
Cádiz;De 70 a 79 años;Ambos sexos;Tasa PDIA 14 dias;548,1796001140721;
Cádiz;De 70 a 79 años;Ambos sexos;Confirmados PDIA 7 días;186;
Cádiz;De 70 a 79 años;Ambos sexos;Tasa PDIA 7 dias;196,45742894261542;
Cádiz;De 70 a 79 años;Ambos sexos;Fallecidos;450;
Cádiz;De 70 a 79 años;Ambos sexos;Tasa_Mortalidad;475,30023131277926;
Cádiz;De 70 a 79 años;Ambos sexos;Total Confirmados;8288;
Cádiz;De 70 a 79 años;Ambos sexos;Tasa_total;8753,974038045142;
Cádiz;De 80 y más años;Ambos sexos;Confirmados PDIA;6019;
Cádiz;De 80 y más años;Ambos sexos;Tasa_PDIA;10837,819831823828;
Cádiz;De 80 y más años;Ambos sexos;Confirmados PDIA 14 días;511;
Cádiz;De 80 y más años;Ambos sexos;Tasa PDIA 14 dias;920,1073158434917;
Cádiz;De 80 y más años;Ambos sexos;Confirmados PDIA 7 días;183;
Cádiz;De 80 y más años;Ambos sexos;Tasa PDIA 7 dias;329,5100563588239;
Cádiz;De 80 y más años;Ambos sexos;Fallecidos;821;
Cádiz;De 80 y más años;Ambos sexos;Tasa_Mortalidad;1478,2937501125375;
Cádiz;De 80 y más años;Ambos sexos;Total Confirmados;6080;
Cádiz;De 80 y más años;Ambos sexos;Tasa_total;10947,65651727677;
Córdoba;TOTAL;Ambos sexos;Confirmados PDIA;129451;
Córdoba;TOTAL;Ambos sexos;Tasa_PDIA;16586,989084320707;
Córdoba;TOTAL;Ambos sexos;Confirmados PDIA 14 días;8848;
Córdoba;TOTAL;Ambos sexos;Tasa PDIA 14 dias;1133,7237983334978;
Córdoba;TOTAL;Ambos sexos;Confirmados PDIA 7 días;3445;
Córdoba;TOTAL;Ambos sexos;Tasa PDIA 7 dias;441,4193586413766;
Córdoba;TOTAL;Ambos sexos;Fallecidos;1224;
Córdoba;TOTAL;Ambos sexos;Tasa_Mortalidad;156,8352089918853;
Córdoba;TOTAL;Ambos sexos;Total Confirmados;129987;
Córdoba;TOTAL;Ambos sexos;Tasa_total;16655,668554924996;
Córdoba;De 0 a 4 años;Ambos sexos;Confirmados PDIA;4443;
Córdoba;De 0 a 4 años;Ambos sexos;Tasa_PDIA;14311,483330649058;
Córdoba;De 0 a 4 años;Ambos sexos;Confirmados PDIA 14 días;518;
Córdoba;De 0 a 4 años;Ambos sexos;Tasa PDIA 14 dias;1668,5456595264939;
Córdoba;De 0 a 4 años;Ambos sexos;Confirmados PDIA 7 días;169;
Córdoba;De 0 a 4 años;Ambos sexos;Tasa PDIA 7 dias;544,3710742470607;
Córdoba;De 0 a 4 años;Ambos sexos;Fallecidos;0;
Córdoba;De 0 a 4 años;Ambos sexos;Tasa_Mortalidad;0;
Córdoba;De 0 a 4 años;Ambos sexos;Total Confirmados;4446;
Córdoba;De 0 a 4 años;Ambos sexos;Tasa_total;14321,146722499598;
Córdoba;De 5 a 11 años;Ambos sexos;Confirmados PDIA;8820;
Córdoba;De 5 a 11 años;Ambos sexos;Tasa_PDIA;16624,88454941285;
Córdoba;De 5 a 11 años;Ambos sexos;Confirmados PDIA 14 días;719;
Córdoba;De 5 a 11 años;Ambos sexos;Tasa PDIA 14 dias;1355,2485250598459;
Córdoba;De 5 a 11 años;Ambos sexos;Confirmados PDIA 7 días;245;
Córdoba;De 5 a 11 años;Ambos sexos;Tasa PDIA 7 dias;461,8023485948014;
Córdoba;De 5 a 11 años;Ambos sexos;Fallecidos;0;
Córdoba;De 5 a 11 años;Ambos sexos;Tasa_Mortalidad;0;
Córdoba;De 5 a 11 años;Ambos sexos;Total Confirmados;8842;
Córdoba;De 5 a 11 años;Ambos sexos;Tasa_total;16666,35251540912;
Córdoba;De 12 a 19 años;Ambos sexos;Confirmados PDIA;13767;
Córdoba;De 12 a 19 años;Ambos sexos;Tasa_PDIA;20339,208415205285;
Córdoba;De 12 a 19 años;Ambos sexos;Confirmados PDIA 14 días;660;
Córdoba;De 12 a 19 años;Ambos sexos;Tasa PDIA 14 dias;975,0764548583923;
Córdoba;De 12 a 19 años;Ambos sexos;Confirmados PDIA 7 días;267;
Córdoba;De 12 a 19 años;Ambos sexos;Tasa PDIA 7 dias;394,4627476472587;
Córdoba;De 12 a 19 años;Ambos sexos;Fallecidos;0;
Córdoba;De 12 a 19 años;Ambos sexos;Tasa_Mortalidad;0;
Córdoba;De 12 a 19 años;Ambos sexos;Total Confirmados;13781;
Córdoba;De 12 a 19 años;Ambos sexos;Tasa_total;20359,891855156824;
Córdoba;De 20 a 29 años;Ambos sexos;Confirmados PDIA;19960;
Córdoba;De 20 a 29 años;Ambos sexos;Tasa_PDIA;23203,63632136339;
Córdoba;De 20 a 29 años;Ambos sexos;Confirmados PDIA 14 días;912;
Córdoba;De 20 a 29 años;Ambos sexos;Tasa PDIA 14 dias;1060,2062287115937;
Córdoba;De 20 a 29 años;Ambos sexos;Confirmados PDIA 7 días;363;
Córdoba;De 20 a 29 años;Ambos sexos;Tasa PDIA 7 dias;421,9899791911277;
Córdoba;De 20 a 29 años;Ambos sexos;Fallecidos;1;
Córdoba;De 20 a 29 años;Ambos sexos;Tasa_Mortalidad;1,1625068297276246;
Córdoba;De 20 a 29 años;Ambos sexos;Total Confirmados;20027;
Córdoba;De 20 a 29 años;Ambos sexos;Tasa_total;23281,524278955138;
Córdoba;De 30 a 39 años;Ambos sexos;Confirmados PDIA;19050;
Córdoba;De 30 a 39 años;Ambos sexos;Tasa_PDIA;19693,789994934406;
Córdoba;De 30 a 39 años;Ambos sexos;Confirmados PDIA 14 días;1607;
Córdoba;De 30 a 39 años;Ambos sexos;Tasa PDIA 14 dias;1661,308163877144;
Córdoba;De 30 a 39 años;Ambos sexos;Confirmados PDIA 7 días;651;
Córdoba;De 30 a 39 años;Ambos sexos;Tasa PDIA 7 dias;673,0003825040577;
Córdoba;De 30 a 39 años;Ambos sexos;Fallecidos;6;
Córdoba;De 30 a 39 años;Ambos sexos;Tasa_Mortalidad;6,202768502341545;
Córdoba;De 30 a 39 años;Ambos sexos;Total Confirmados;19118;
Córdoba;De 30 a 39 años;Ambos sexos;Tasa_total;19764,088037960944;
Córdoba;De 40 a 49 años;Ambos sexos;Confirmados PDIA;21624;
Córdoba;De 40 a 49 años;Ambos sexos;Tasa_PDIA;18506,88530763503;
Córdoba;De 40 a 49 años;Ambos sexos;Confirmados PDIA 14 días;1874;
Córdoba;De 40 a 49 años;Ambos sexos;Tasa PDIA 14 dias;1603,8615920508716;
Córdoba;De 40 a 49 años;Ambos sexos;Confirmados PDIA 7 días;730;
Córdoba;De 40 a 49 años;Ambos sexos;Tasa PDIA 7 dias;624,7699905000728;
Córdoba;De 40 a 49 años;Ambos sexos;Fallecidos;13;
Córdoba;De 40 a 49 años;Ambos sexos;Tasa_Mortalidad;11,126040926713625;
Córdoba;De 40 a 49 años;Ambos sexos;Total Confirmados;21720;
Córdoba;De 40 a 49 años;Ambos sexos;Tasa_total;18589,0468406323;
Córdoba;De 50 a 59 años;Ambos sexos;Confirmados PDIA;18880;
Córdoba;De 50 a 59 años;Ambos sexos;Tasa_PDIA;15503,239421584647;
Córdoba;De 50 a 59 años;Ambos sexos;Confirmados PDIA 14 días;940;
Córdoba;De 50 a 59 años;Ambos sexos;Tasa PDIA 14 dias;771,8773864560153;
Córdoba;De 50 a 59 años;Ambos sexos;Confirmados PDIA 7 días;339;
Córdoba;De 50 a 59 años;Ambos sexos;Tasa PDIA 7 dias;278,36854681764805;
Córdoba;De 50 a 59 años;Ambos sexos;Fallecidos;44;
Córdoba;De 50 a 59 años;Ambos sexos;Tasa_Mortalidad;36,13043085538795;
Córdoba;De 50 a 59 años;Ambos sexos;Total Confirmados;18991;
Córdoba;De 50 a 59 años;Ambos sexos;Tasa_total;15594,386644878921;
Córdoba;De 60 a 69 años;Ambos sexos;Confirmados PDIA;10483;
Córdoba;De 60 a 69 años;Ambos sexos;Tasa_PDIA;11191,775118238013;
Córdoba;De 60 a 69 años;Ambos sexos;Confirmados PDIA 14 días;617;
Córdoba;De 60 a 69 años;Ambos sexos;Tasa PDIA 14 dias;658,7165170230711;
Córdoba;De 60 a 69 años;Ambos sexos;Confirmados PDIA 7 días;253;
Córdoba;De 60 a 69 años;Ambos sexos;Tasa PDIA 7 dias;270,10580033523013;
Córdoba;De 60 a 69 años;Ambos sexos;Fallecidos;122;
Córdoba;De 60 a 69 años;Ambos sexos;Tasa_Mortalidad;130,24864680196868;
Córdoba;De 60 a 69 años;Ambos sexos;Total Confirmados;10545;
Córdoba;De 60 a 69 años;Ambos sexos;Tasa_total;11257,96705349803;
Córdoba;De 65 años;Ambos sexos;Confirmados PDIA;908;
Córdoba;De 65 años;Ambos sexos;Tasa_PDIA;10197,663971248878;
Córdoba;De 65 años;Ambos sexos;Confirmados PDIA 14 días;68;
Córdoba;De 65 años;Ambos sexos;Tasa PDIA 14 dias;763,7017070979335;
Córdoba;De 65 años;Ambos sexos;Confirmados PDIA 7 días;18;
Córdoba;De 65 años;Ambos sexos;Tasa PDIA 7 dias;202,15633423180594;
Córdoba;De 65 años;Ambos sexos;Fallecidos;12;
Córdoba;De 65 años;Ambos sexos;Tasa_Mortalidad;134,77088948787062;
Córdoba;De 65 años;Ambos sexos;Total Confirmados;910;
Córdoba;De 65 años;Ambos sexos;Tasa_total;10220,125786163522;
Córdoba;De 66 años;Ambos sexos;Confirmados PDIA;894;
Córdoba;De 66 años;Ambos sexos;Tasa_PDIA;10593,672236046925;
Córdoba;De 66 años;Ambos sexos;Confirmados PDIA 14 días;45;
Córdoba;De 66 años;Ambos sexos;Tasa PDIA 14 dias;533,2385353714895;
Córdoba;De 66 años;Ambos sexos;Confirmados PDIA 7 días;20;
Córdoba;De 66 años;Ambos sexos;Tasa PDIA 7 dias;236,9949046095509;
Córdoba;De 66 años;Ambos sexos;Fallecidos;14;
Córdoba;De 66 años;Ambos sexos;Tasa_Mortalidad;165,89643322668562;
Córdoba;De 66 años;Ambos sexos;Total Confirmados;899;
Córdoba;De 66 años;Ambos sexos;Tasa_total;10652,920962199312;
Córdoba;De 67 años;Ambos sexos;Confirmados PDIA;882;
Córdoba;De 67 años;Ambos sexos;Tasa_PDIA;10407,079646017699;
Córdoba;De 67 años;Ambos sexos;Confirmados PDIA 14 días;44;
Córdoba;De 67 años;Ambos sexos;Tasa PDIA 14 dias;519,1740412979351;
Córdoba;De 67 años;Ambos sexos;Confirmados PDIA 7 días;16;
Córdoba;De 67 años;Ambos sexos;Tasa PDIA 7 dias;188,79056047197642;
Córdoba;De 67 años;Ambos sexos;Fallecidos;18;
Córdoba;De 67 años;Ambos sexos;Tasa_Mortalidad;212,38938053097345;
Córdoba;De 67 años;Ambos sexos;Total Confirmados;885;
Córdoba;De 67 años;Ambos sexos;Tasa_total;10442,477876106195;
Córdoba;De 68 años;Ambos sexos;Confirmados PDIA;816;
Córdoba;De 68 años;Ambos sexos;Tasa_PDIA;10115,284492376348;
Córdoba;De 68 años;Ambos sexos;Confirmados PDIA 14 días;54;
Córdoba;De 68 años;Ambos sexos;Tasa PDIA 14 dias;669,3938267013759;
Córdoba;De 68 años;Ambos sexos;Confirmados PDIA 7 días;24;
Córdoba;De 68 años;Ambos sexos;Tasa PDIA 7 dias;297,50836742283377;
Córdoba;De 68 años;Ambos sexos;Fallecidos;16;
Córdoba;De 68 años;Ambos sexos;Tasa_Mortalidad;198,33891161522251;
Córdoba;De 68 años;Ambos sexos;Total Confirmados;818;
Córdoba;De 68 años;Ambos sexos;Tasa_total;10140,07685632825;
Córdoba;De 69 años;Ambos sexos;Confirmados PDIA;708;
Córdoba;De 69 años;Ambos sexos;Tasa_PDIA;9821,057012068248;
Córdoba;De 69 años;Ambos sexos;Confirmados PDIA 14 días;48;
Córdoba;De 69 años;Ambos sexos;Tasa PDIA 14 dias;665,8343736995422;
Córdoba;De 69 años;Ambos sexos;Confirmados PDIA 7 días;22;
Córdoba;De 69 años;Ambos sexos;Tasa PDIA 7 dias;305,1740879456235;
Córdoba;De 69 años;Ambos sexos;Fallecidos;13;
Córdoba;De 69 años;Ambos sexos;Tasa_Mortalidad;180,33014287695934;
Córdoba;De 69 años;Ambos sexos;Total Confirmados;710;
Córdoba;De 69 años;Ambos sexos;Tasa_total;9848,800110972395;
Córdoba;De 70 a 79 años;Ambos sexos;Confirmados PDIA;6081;
Córdoba;De 70 a 79 años;Ambos sexos;Tasa_PDIA;9584,3775119391;
Córdoba;De 70 a 79 años;Ambos sexos;Confirmados PDIA 14 días;447;
Córdoba;De 70 a 79 años;Ambos sexos;Tasa PDIA 14 dias;704,5250366447586;
Córdoba;De 70 a 79 años;Ambos sexos;Confirmados PDIA 7 días;191;
Córdoba;De 70 a 79 años;Ambos sexos;Tasa PDIA 7 dias;301,0386621904897;
Córdoba;De 70 a 79 años;Ambos sexos;Fallecidos;261;
Córdoba;De 70 a 79 años;Ambos sexos;Tasa_Mortalidad;411,3669677053289;
Córdoba;De 70 a 79 años;Ambos sexos;Total Confirmados;6117;
Córdoba;De 70 a 79 años;Ambos sexos;Tasa_total;9641,11778334673;
Córdoba;De 80 y más años;Ambos sexos;Confirmados PDIA;6342;
Córdoba;De 80 y más años;Ambos sexos;Tasa_PDIA;12643,036561540608;
Córdoba;De 80 y más años;Ambos sexos;Confirmados PDIA 14 días;554;
Córdoba;De 80 y más años;Ambos sexos;Tasa PDIA 14 dias;1104,4216737769627;
Córdoba;De 80 y más años;Ambos sexos;Confirmados PDIA 7 días;237;
Córdoba;De 80 y más años;Ambos sexos;Tasa PDIA 7 dias;472,46919979267176;
Córdoba;De 80 y más años;Ambos sexos;Fallecidos;777;
Córdoba;De 80 y más años;Ambos sexos;Tasa_Mortalidad;1548,981300586101;
Córdoba;De 80 y más años;Ambos sexos;Total Confirmados;6399;
Córdoba;De 80 y más años;Ambos sexos;Tasa_total;12756,668394402137;
Granada;TOTAL;Ambos sexos;Confirmados PDIA;161105;
Granada;TOTAL;Ambos sexos;Tasa_PDIA;17485,98234307062;
Granada;TOTAL;Ambos sexos;Confirmados PDIA 14 días;8038;
Granada;TOTAL;Ambos sexos;Tasa PDIA 14 dias;872,4268400956001;
Granada;TOTAL;Ambos sexos;Confirmados PDIA 7 días;2697;
Granada;TOTAL;Ambos sexos;Tasa PDIA 7 dias;292,72644783998925;
Granada;TOTAL;Ambos sexos;Fallecidos;1989;
Granada;TOTAL;Ambos sexos;Tasa_Mortalidad;215,8816851144748;
Granada;TOTAL;Ambos sexos;Total Confirmados;161946;
Granada;TOTAL;Ambos sexos;Tasa_total;17577,262633257284;
Granada;De 0 a 4 años;Ambos sexos;Confirmados PDIA;5361;
Granada;De 0 a 4 años;Ambos sexos;Tasa_PDIA;14265,18719565738;
Granada;De 0 a 4 años;Ambos sexos;Confirmados PDIA 14 días;565;
Granada;De 0 a 4 años;Ambos sexos;Tasa PDIA 14 dias;1503,4192810196641;
Granada;De 0 a 4 años;Ambos sexos;Confirmados PDIA 7 días;166;
Granada;De 0 a 4 años;Ambos sexos;Tasa PDIA 7 dias;441,71256752082166;
Granada;De 0 a 4 años;Ambos sexos;Fallecidos;0;
Granada;De 0 a 4 años;Ambos sexos;Tasa_Mortalidad;0;
Granada;De 0 a 4 años;Ambos sexos;Total Confirmados;5362;
Granada;De 0 a 4 años;Ambos sexos;Tasa_total;14267,84811473883;
Granada;De 5 a 11 años;Ambos sexos;Confirmados PDIA;11111;
Granada;De 5 a 11 años;Ambos sexos;Tasa_PDIA;17410,175653018694;
Granada;De 5 a 11 años;Ambos sexos;Confirmados PDIA 14 días;903;
Granada;De 5 a 11 años;Ambos sexos;Tasa PDIA 14 dias;1414,9391247120764;
Granada;De 5 a 11 años;Ambos sexos;Confirmados PDIA 7 días;275;
Granada;De 5 a 11 años;Ambos sexos;Tasa PDIA 7 dias;430,9061564737774;
Granada;De 5 a 11 años;Ambos sexos;Fallecidos;0;
Granada;De 5 a 11 años;Ambos sexos;Tasa_Mortalidad;0;
Granada;De 5 a 11 años;Ambos sexos;Total Confirmados;11116;
Granada;De 5 a 11 años;Ambos sexos;Tasa_total;17418,010310409125;
Granada;De 12 a 19 años;Ambos sexos;Confirmados PDIA;17196;
Granada;De 12 a 19 años;Ambos sexos;Tasa_PDIA;20956,67540064591;
Granada;De 12 a 19 años;Ambos sexos;Confirmados PDIA 14 días;628;
Granada;De 12 a 19 años;Ambos sexos;Tasa PDIA 14 dias;765,3403205167266;
Granada;De 12 a 19 años;Ambos sexos;Confirmados PDIA 7 días;218;
Granada;De 12 a 19 años;Ambos sexos;Tasa PDIA 7 dias;265,67546158064715;
Granada;De 12 a 19 años;Ambos sexos;Fallecidos;2;
Granada;De 12 a 19 años;Ambos sexos;Tasa_Mortalidad;2,4373895557857534;
Granada;De 12 a 19 años;Ambos sexos;Total Confirmados;17209;
Granada;De 12 a 19 años;Ambos sexos;Tasa_total;20972,518432758516;
Granada;De 20 a 29 años;Ambos sexos;Confirmados PDIA;25471;
Granada;De 20 a 29 años;Ambos sexos;Tasa_PDIA;24428,396056316415;
Granada;De 20 a 29 años;Ambos sexos;Confirmados PDIA 14 días;699;
Granada;De 20 a 29 años;Ambos sexos;Tasa PDIA 14 dias;670,3878467027276;
Granada;De 20 a 29 años;Ambos sexos;Confirmados PDIA 7 días;230;
Granada;De 20 a 29 años;Ambos sexos;Tasa PDIA 7 dias;220,58541450876587;
Granada;De 20 a 29 años;Ambos sexos;Fallecidos;10;
Granada;De 20 a 29 años;Ambos sexos;Tasa_Mortalidad;9,5906701960333;
Granada;De 20 a 29 años;Ambos sexos;Total Confirmados;25520;
Granada;De 20 a 29 años;Ambos sexos;Tasa_total;24475,39034027698;
Granada;De 30 a 39 años;Ambos sexos;Confirmados PDIA;23853;
Granada;De 30 a 39 años;Ambos sexos;Tasa_PDIA;19870,379780578627;
Granada;De 30 a 39 años;Ambos sexos;Confirmados PDIA 14 días;1199;
Granada;De 30 a 39 años;Ambos sexos;Tasa PDIA 14 dias;998,8087601942638;
Granada;De 30 a 39 años;Ambos sexos;Confirmados PDIA 7 días;394;
Granada;De 30 a 39 años;Ambos sexos;Tasa PDIA 7 dias;328,2157226993661;
Granada;De 30 a 39 años;Ambos sexos;Fallecidos;19;
Granada;De 30 a 39 años;Ambos sexos;Tasa_Mortalidad;15,827661754537957;
Granada;De 30 a 39 años;Ambos sexos;Total Confirmados;23959;
Granada;De 30 a 39 años;Ambos sexos;Tasa_total;19958,681472472363;
Granada;De 40 a 49 años;Ambos sexos;Confirmados PDIA;26641;
Granada;De 40 a 49 años;Ambos sexos;Tasa_PDIA;18399,115991574294;
Granada;De 40 a 49 años;Ambos sexos;Confirmados PDIA 14 días;1413;
Granada;De 40 a 49 años;Ambos sexos;Tasa PDIA 14 dias;975,8624261887496;
Granada;De 40 a 49 años;Ambos sexos;Confirmados PDIA 7 días;457;
Granada;De 40 a 49 años;Ambos sexos;Tasa PDIA 7 dias;315,61863324009806;
Granada;De 40 a 49 años;Ambos sexos;Fallecidos;32;
Granada;De 40 a 49 años;Ambos sexos;Tasa_Mortalidad;22,10021064263269;
Granada;De 40 a 49 años;Ambos sexos;Total Confirmados;26801;
Granada;De 40 a 49 años;Ambos sexos;Tasa_total;18509,617044787457;
Granada;De 50 a 59 años;Ambos sexos;Confirmados PDIA;22796;
Granada;De 50 a 59 años;Ambos sexos;Tasa_PDIA;16208,183724981336;
Granada;De 50 a 59 años;Ambos sexos;Confirmados PDIA 14 días;937;
Granada;De 50 a 59 años;Ambos sexos;Tasa PDIA 14 dias;666,2163603398628;
Granada;De 50 a 59 años;Ambos sexos;Confirmados PDIA 7 días;289;
Granada;De 50 a 59 años;Ambos sexos;Tasa PDIA 7 dias;205,48188702051263;
Granada;De 50 a 59 años;Ambos sexos;Fallecidos;101;
Granada;De 50 a 59 años;Ambos sexos;Tasa_Mortalidad;71,81200895872587;
Granada;De 50 a 59 años;Ambos sexos;Total Confirmados;23012;
Granada;De 50 a 59 años;Ambos sexos;Tasa_total;16361,761882754452;
Granada;De 60 a 69 años;Ambos sexos;Confirmados PDIA;13170;
Granada;De 60 a 69 años;Ambos sexos;Tasa_PDIA;12398,911682467355;
Granada;De 60 a 69 años;Ambos sexos;Confirmados PDIA 14 días;547;
Granada;De 60 a 69 años;Ambos sexos;Tasa PDIA 14 dias;514,9737805853944;
Granada;De 60 a 69 años;Ambos sexos;Confirmados PDIA 7 días;193;
Granada;De 60 a 69 años;Ambos sexos;Tasa PDIA 7 dias;181,70007249173878;
Granada;De 60 a 69 años;Ambos sexos;Fallecidos;240;
Granada;De 60 a 69 años;Ambos sexos;Tasa_Mortalidad;225,9482766736648;
Granada;De 60 a 69 años;Ambos sexos;Total Confirmados;13312;
Granada;De 60 a 69 años;Ambos sexos;Tasa_total;12532,59774616594;
Granada;De 65 años;Ambos sexos;Confirmados PDIA;1175;
Granada;De 65 años;Ambos sexos;Tasa_PDIA;11744,127936031984;
Granada;De 65 años;Ambos sexos;Confirmados PDIA 14 días;41;
Granada;De 65 años;Ambos sexos;Tasa PDIA 14 dias;409,7951024487756;
Granada;De 65 años;Ambos sexos;Confirmados PDIA 7 días;13;
Granada;De 65 años;Ambos sexos;Tasa PDIA 7 dias;129,9350324837581;
Granada;De 65 años;Ambos sexos;Fallecidos;23;
Granada;De 65 años;Ambos sexos;Tasa_Mortalidad;229,88505747126436;
Granada;De 65 años;Ambos sexos;Total Confirmados;1189;
Granada;De 65 años;Ambos sexos;Tasa_total;11884,057971014492;
Granada;De 66 años;Ambos sexos;Confirmados PDIA;1083;
Granada;De 66 años;Ambos sexos;Tasa_PDIA;11454,25700687467;
Granada;De 66 años;Ambos sexos;Confirmados PDIA 14 días;45;
Granada;De 66 años;Ambos sexos;Tasa PDIA 14 dias;475,9386567953464;
Granada;De 66 años;Ambos sexos;Confirmados PDIA 7 días;16;
Granada;De 66 años;Ambos sexos;Tasa PDIA 7 dias;169,22263352723428;
Granada;De 66 años;Ambos sexos;Fallecidos;17;
Granada;De 66 años;Ambos sexos;Tasa_Mortalidad;179,7990481226864;
Granada;De 66 años;Ambos sexos;Total Confirmados;1095;
Granada;De 66 años;Ambos sexos;Tasa_total;11581,173982020095;
Granada;De 67 años;Ambos sexos;Confirmados PDIA;1042;
Granada;De 67 años;Ambos sexos;Tasa_PDIA;11076,857659189965;
Granada;De 67 años;Ambos sexos;Confirmados PDIA 14 días;55;
Granada;De 67 años;Ambos sexos;Tasa PDIA 14 dias;584,6709896885299;
Granada;De 67 años;Ambos sexos;Confirmados PDIA 7 días;17;
Granada;De 67 años;Ambos sexos;Tasa PDIA 7 dias;180,7164877219092;
Granada;De 67 años;Ambos sexos;Fallecidos;26;
Granada;De 67 años;Ambos sexos;Tasa_Mortalidad;276,3899223982141;
Granada;De 67 años;Ambos sexos;Total Confirmados;1050;
Granada;De 67 años;Ambos sexos;Tasa_total;11161,900712235569;
Granada;De 68 años;Ambos sexos;Confirmados PDIA;971;
Granada;De 68 años;Ambos sexos;Tasa_PDIA;10761,387565111381;
Granada;De 68 años;Ambos sexos;Confirmados PDIA 14 días;39;
Granada;De 68 años;Ambos sexos;Tasa PDIA 14 dias;432,2287487531863;
Granada;De 68 años;Ambos sexos;Confirmados PDIA 7 días;15;
Granada;De 68 años;Ambos sexos;Tasa PDIA 7 dias;166,24182644353317;
Granada;De 68 años;Ambos sexos;Fallecidos;29;
Granada;De 68 años;Ambos sexos;Tasa_Mortalidad;321,4008644574975;
Granada;De 68 años;Ambos sexos;Total Confirmados;976;
Granada;De 68 años;Ambos sexos;Tasa_total;10816,801507259226;
Granada;De 69 años;Ambos sexos;Confirmados PDIA;917;
Granada;De 69 años;Ambos sexos;Tasa_PDIA;10788,235294117647;
Granada;De 69 años;Ambos sexos;Confirmados PDIA 14 días;50;
Granada;De 69 años;Ambos sexos;Tasa PDIA 14 dias;588,2352941176471;
Granada;De 69 años;Ambos sexos;Confirmados PDIA 7 días;16;
Granada;De 69 años;Ambos sexos;Tasa PDIA 7 dias;188,23529411764707;
Granada;De 69 años;Ambos sexos;Fallecidos;32;
Granada;De 69 años;Ambos sexos;Tasa_Mortalidad;376,47058823529414;
Granada;De 69 años;Ambos sexos;Total Confirmados;922;
Granada;De 69 años;Ambos sexos;Tasa_total;10847,058823529413;
Granada;De 70 a 79 años;Ambos sexos;Confirmados PDIA;7728;
Granada;De 70 a 79 años;Ambos sexos;Tasa_PDIA;10840,534171249017;
Granada;De 70 a 79 años;Ambos sexos;Confirmados PDIA 14 días;515;
Granada;De 70 a 79 años;Ambos sexos;Tasa PDIA 14 dias;722,4217259566827;
Granada;De 70 a 79 años;Ambos sexos;Confirmados PDIA 7 días;230;
Granada;De 70 a 79 años;Ambos sexos;Tasa PDIA 7 dias;322,63494557288743;
Granada;De 70 a 79 años;Ambos sexos;Fallecidos;488;
Granada;De 70 a 79 años;Ambos sexos;Tasa_Mortalidad;684,5471888676916;
Granada;De 70 a 79 años;Ambos sexos;Total Confirmados;7774;
Granada;De 70 a 79 años;Ambos sexos;Tasa_total;10905,061160363595;
Granada;De 80 y más años;Ambos sexos;Confirmados PDIA;7771;
Granada;De 80 y más años;Ambos sexos;Tasa_PDIA;15350,123456790123;
Granada;De 80 y más años;Ambos sexos;Confirmados PDIA 14 días;632;
Granada;De 80 y más años;Ambos sexos;Tasa PDIA 14 dias;1248,3950617283951;
Granada;De 80 y más años;Ambos sexos;Confirmados PDIA 7 días;245;
Granada;De 80 y más años;Ambos sexos;Tasa PDIA 7 dias;483,95061728395063;
Granada;De 80 y más años;Ambos sexos;Fallecidos;1097;
Granada;De 80 y más años;Ambos sexos;Tasa_Mortalidad;2166,9135802469136;
Granada;De 80 y más años;Ambos sexos;Total Confirmados;7873;
Granada;De 80 y más años;Ambos sexos;Tasa_total;15551,604938271605;
Huelva;TOTAL;Ambos sexos;Confirmados PDIA;73787;
Huelva;TOTAL;Ambos sexos;Tasa_PDIA;14334,169316753536;
Huelva;TOTAL;Ambos sexos;Confirmados PDIA 14 días;5042;
Huelva;TOTAL;Ambos sexos;Tasa PDIA 14 dias;979,4798771473475;
Huelva;TOTAL;Ambos sexos;Confirmados PDIA 7 días;1678;
Huelva;TOTAL;Ambos sexos;Tasa PDIA 7 dias;325,97525463174316;
Huelva;TOTAL;Ambos sexos;Fallecidos;445;
Huelva;TOTAL;Ambos sexos;Tasa_Mortalidad;86,4475496490618;
Huelva;TOTAL;Ambos sexos;Total Confirmados;74046;
Huelva;TOTAL;Ambos sexos;Tasa_total;14384,483733290854;
Huelva;De 0 a 4 años;Ambos sexos;Confirmados PDIA;2655;
Huelva;De 0 a 4 años;Ambos sexos;Tasa_PDIA;12270,08041408633;
Huelva;De 0 a 4 años;Ambos sexos;Confirmados PDIA 14 días;274;
Huelva;De 0 a 4 años;Ambos sexos;Tasa PDIA 14 dias;1266,2907847305667;
Huelva;De 0 a 4 años;Ambos sexos;Confirmados PDIA 7 días;106;
Huelva;De 0 a 4 años;Ambos sexos;Tasa PDIA 7 dias;489,8789167205842;
Huelva;De 0 a 4 años;Ambos sexos;Fallecidos;0;
Huelva;De 0 a 4 años;Ambos sexos;Tasa_Mortalidad;0;
Huelva;De 0 a 4 años;Ambos sexos;Total Confirmados;2663;
Huelva;De 0 a 4 años;Ambos sexos;Tasa_total;12307,052407801091;
Huelva;De 5 a 11 años;Ambos sexos;Confirmados PDIA;5582;
Huelva;De 5 a 11 años;Ambos sexos;Tasa_PDIA;14919,947611792692;
Huelva;De 5 a 11 años;Ambos sexos;Confirmados PDIA 14 días;460;
Huelva;De 5 a 11 años;Ambos sexos;Tasa PDIA 14 dias;1229,5191510972122;
Huelva;De 5 a 11 años;Ambos sexos;Confirmados PDIA 7 días;135;
Huelva;De 5 a 11 años;Ambos sexos;Tasa PDIA 7 dias;360,837142169834;
Huelva;De 5 a 11 años;Ambos sexos;Fallecidos;0;
Huelva;De 5 a 11 años;Ambos sexos;Tasa_Mortalidad;0;
Huelva;De 5 a 11 años;Ambos sexos;Total Confirmados;5600;
Huelva;De 5 a 11 años;Ambos sexos;Tasa_total;14968,05923074867;
Huelva;De 12 a 19 años;Ambos sexos;Confirmados PDIA;8292;
Huelva;De 12 a 19 años;Ambos sexos;Tasa_PDIA;18139,65698284914;
Huelva;De 12 a 19 años;Ambos sexos;Confirmados PDIA 14 días;365;
Huelva;De 12 a 19 años;Ambos sexos;Tasa PDIA 14 dias;798,4774238711935;
Huelva;De 12 a 19 años;Ambos sexos;Confirmados PDIA 7 días;116;
Huelva;De 12 a 19 años;Ambos sexos;Tasa PDIA 7 dias;253,76268813440672;
Huelva;De 12 a 19 años;Ambos sexos;Fallecidos;0;
Huelva;De 12 a 19 años;Ambos sexos;Tasa_Mortalidad;0;
Huelva;De 12 a 19 años;Ambos sexos;Total Confirmados;8305;
Huelva;De 12 a 19 años;Ambos sexos;Tasa_total;18168,09590479524;
Huelva;De 20 a 29 años;Ambos sexos;Confirmados PDIA;11168;
Huelva;De 20 a 29 años;Ambos sexos;Tasa_PDIA;19940,008570204256;
Huelva;De 20 a 29 años;Ambos sexos;Confirmados PDIA 14 días;458;
Huelva;De 20 a 29 años;Ambos sexos;Tasa PDIA 14 dias;817,740322811027;
Huelva;De 20 a 29 años;Ambos sexos;Confirmados PDIA 7 días;140;
Huelva;De 20 a 29 años;Ambos sexos;Tasa PDIA 7 dias;249,96429081559776;
Huelva;De 20 a 29 años;Ambos sexos;Fallecidos;0;
Huelva;De 20 a 29 años;Ambos sexos;Tasa_Mortalidad;0;
Huelva;De 20 a 29 años;Ambos sexos;Total Confirmados;11201;
Huelva;De 20 a 29 años;Ambos sexos;Tasa_total;19998,928724467933;
Huelva;De 30 a 39 años;Ambos sexos;Confirmados PDIA;11616;
Huelva;De 30 a 39 años;Ambos sexos;Tasa_PDIA;16662,12436347988;
Huelva;De 30 a 39 años;Ambos sexos;Confirmados PDIA 14 días;873;
Huelva;De 30 a 39 años;Ambos sexos;Tasa PDIA 14 dias;1252,241268019795;
Huelva;De 30 a 39 años;Ambos sexos;Confirmados PDIA 7 días;265;
Huelva;De 30 a 39 años;Ambos sexos;Tasa PDIA 7 dias;380,1190561572115;
Huelva;De 30 a 39 años;Ambos sexos;Fallecidos;2;
Huelva;De 30 a 39 años;Ambos sexos;Tasa_Mortalidad;2,868823065337445;
Huelva;De 30 a 39 años;Ambos sexos;Total Confirmados;11652;
Huelva;De 30 a 39 años;Ambos sexos;Tasa_total;16713,763178655958;
Huelva;De 40 a 49 años;Ambos sexos;Confirmados PDIA;13188;
Huelva;De 40 a 49 años;Ambos sexos;Tasa_PDIA;14910,793026253306;
Huelva;De 40 a 49 años;Ambos sexos;Confirmados PDIA 14 días;1029;
Huelva;De 40 a 49 años;Ambos sexos;Tasa PDIA 14 dias;1163,4217488637134;
Huelva;De 40 a 49 años;Ambos sexos;Confirmados PDIA 7 días;329;
Huelva;De 40 a 49 años;Ambos sexos;Tasa PDIA 7 dias;371,9783822897587;
Huelva;De 40 a 49 años;Ambos sexos;Fallecidos;7;
Huelva;De 40 a 49 años;Ambos sexos;Tasa_Mortalidad;7,914433665739547;
Huelva;De 40 a 49 años;Ambos sexos;Total Confirmados;13245;
Huelva;De 40 a 49 años;Ambos sexos;Tasa_total;14975,239128960044;
Huelva;De 50 a 59 años;Ambos sexos;Confirmados PDIA;10046;
Huelva;De 50 a 59 años;Ambos sexos;Tasa_PDIA;13043,873430541309;
Huelva;De 50 a 59 años;Ambos sexos;Confirmados PDIA 14 días;613;
Huelva;De 50 a 59 años;Ambos sexos;Tasa PDIA 14 dias;795,9281717023514;
Huelva;De 50 a 59 años;Ambos sexos;Confirmados PDIA 7 días;212;
Huelva;De 50 a 59 años;Ambos sexos;Tasa PDIA 7 dias;275,2639027747121;
Huelva;De 50 a 59 años;Ambos sexos;Fallecidos;28;
Huelva;De 50 a 59 años;Ambos sexos;Tasa_Mortalidad;36,35560980043367;
Huelva;De 50 a 59 años;Ambos sexos;Total Confirmados;10090;
Huelva;De 50 a 59 años;Ambos sexos;Tasa_total;13101,003674513418;
Huelva;De 60 a 69 años;Ambos sexos;Confirmados PDIA;5570;
Huelva;De 60 a 69 años;Ambos sexos;Tasa_PDIA;10042,006959092794;
Huelva;De 60 a 69 años;Ambos sexos;Confirmados PDIA 14 días;347;
Huelva;De 60 a 69 años;Ambos sexos;Tasa PDIA 14 dias;625,5972019398922;
Huelva;De 60 a 69 años;Ambos sexos;Confirmados PDIA 7 días;123;
Huelva;De 60 a 69 años;Ambos sexos;Tasa PDIA 7 dias;221,7534750392125;
Huelva;De 60 a 69 años;Ambos sexos;Fallecidos;50;
Huelva;De 60 a 69 años;Ambos sexos;Tasa_Mortalidad;90,14368904033029;
Huelva;De 60 a 69 años;Ambos sexos;Total Confirmados;5594;
Huelva;De 60 a 69 años;Ambos sexos;Tasa_total;10085,275929832153;
Huelva;De 65 años;Ambos sexos;Confirmados PDIA;506;
Huelva;De 65 años;Ambos sexos;Tasa_PDIA;9365,167499537294;
Huelva;De 65 años;Ambos sexos;Confirmados PDIA 14 días;28;
Huelva;De 65 años;Ambos sexos;Tasa PDIA 14 dias;518,2306126226171;
Huelva;De 65 años;Ambos sexos;Confirmados PDIA 7 días;10;
Huelva;De 65 años;Ambos sexos;Tasa PDIA 7 dias;185,08236165093467;
Huelva;De 65 años;Ambos sexos;Fallecidos;5;
Huelva;De 65 años;Ambos sexos;Tasa_Mortalidad;92,54118082546734;
Huelva;De 65 años;Ambos sexos;Total Confirmados;508;
Huelva;De 65 años;Ambos sexos;Tasa_total;9402,183971867482;
Huelva;De 66 años;Ambos sexos;Confirmados PDIA;512;
Huelva;De 66 años;Ambos sexos;Tasa_PDIA;10466,067048242028;
Huelva;De 66 años;Ambos sexos;Confirmados PDIA 14 días;36;
Huelva;De 66 años;Ambos sexos;Tasa PDIA 14 dias;735,8953393295176;
Huelva;De 66 años;Ambos sexos;Confirmados PDIA 7 días;12;
Huelva;De 66 años;Ambos sexos;Tasa PDIA 7 dias;245,29844644317254;
Huelva;De 66 años;Ambos sexos;Fallecidos;6;
Huelva;De 66 años;Ambos sexos;Tasa_Mortalidad;122,64922322158627;
Huelva;De 66 años;Ambos sexos;Total Confirmados;514;
Huelva;De 66 años;Ambos sexos;Tasa_total;10506,950122649223;
Huelva;De 67 años;Ambos sexos;Confirmados PDIA;442;
Huelva;De 67 años;Ambos sexos;Tasa_PDIA;9141,675284384695;
Huelva;De 67 años;Ambos sexos;Confirmados PDIA 14 días;23;
Huelva;De 67 años;Ambos sexos;Tasa PDIA 14 dias;475,6980351602896;
Huelva;De 67 años;Ambos sexos;Confirmados PDIA 7 días;7;
Huelva;De 67 años;Ambos sexos;Tasa PDIA 7 dias;144,77766287487074;
Huelva;De 67 años;Ambos sexos;Fallecidos;5;
Huelva;De 67 años;Ambos sexos;Tasa_Mortalidad;103,41261633919338;
Huelva;De 67 años;Ambos sexos;Total Confirmados;444;
Huelva;De 67 años;Ambos sexos;Tasa_total;9183,040330920372;
Huelva;De 68 años;Ambos sexos;Confirmados PDIA;416;
Huelva;De 68 años;Ambos sexos;Tasa_PDIA;8584,399504746183;
Huelva;De 68 años;Ambos sexos;Confirmados PDIA 14 días;35;
Huelva;De 68 años;Ambos sexos;Tasa PDIA 14 dias;722,2451506397028;
Huelva;De 68 años;Ambos sexos;Confirmados PDIA 7 días;10;
Huelva;De 68 años;Ambos sexos;Tasa PDIA 7 dias;206,35575732562938;
Huelva;De 68 años;Ambos sexos;Fallecidos;8;
Huelva;De 68 años;Ambos sexos;Tasa_Mortalidad;165,0846058605035;
Huelva;De 68 años;Ambos sexos;Total Confirmados;419;
Huelva;De 68 años;Ambos sexos;Tasa_total;8646,30623194387;
Huelva;De 69 años;Ambos sexos;Confirmados PDIA;412;
Huelva;De 69 años;Ambos sexos;Tasa_PDIA;8948,74022589053;
Huelva;De 69 años;Ambos sexos;Confirmados PDIA 14 días;44;
Huelva;De 69 años;Ambos sexos;Tasa PDIA 14 dias;955,6907037358818;
Huelva;De 69 años;Ambos sexos;Confirmados PDIA 7 días;22;
Huelva;De 69 años;Ambos sexos;Tasa PDIA 7 dias;477,84535186794096;
Huelva;De 69 años;Ambos sexos;Fallecidos;5;
Huelva;De 69 años;Ambos sexos;Tasa_Mortalidad;108,60121633362294;
Huelva;De 69 años;Ambos sexos;Total Confirmados;414;
Huelva;De 69 años;Ambos sexos;Tasa_total;8992,180712423979;
Huelva;De 70 a 79 años;Ambos sexos;Confirmados PDIA;3297;
Huelva;De 70 a 79 años;Ambos sexos;Tasa_PDIA;8571,205740134144;
Huelva;De 70 a 79 años;Ambos sexos;Confirmados PDIA 14 días;309;
Huelva;De 70 a 79 años;Ambos sexos;Tasa PDIA 14 dias;803,3068164092965;
Huelva;De 70 a 79 años;Ambos sexos;Confirmados PDIA 7 días;130;
Huelva;De 70 a 79 años;Ambos sexos;Tasa PDIA 7 dias;337,96079654760047;
Huelva;De 70 a 79 años;Ambos sexos;Fallecidos;119;
Huelva;De 70 a 79 años;Ambos sexos;Tasa_Mortalidad;309,3641137628035;
Huelva;De 70 a 79 años;Ambos sexos;Total Confirmados;3315;
Huelva;De 70 a 79 años;Ambos sexos;Tasa_total;8618,000311963811;
Huelva;De 80 y más años;Ambos sexos;Confirmados PDIA;2372;
Huelva;De 80 y más años;Ambos sexos;Tasa_PDIA;9533,378883485391;
Huelva;De 80 y más años;Ambos sexos;Confirmados PDIA 14 días;314;
Huelva;De 80 y más años;Ambos sexos;Tasa PDIA 14 dias;1262,0071540532938;
Huelva;De 80 y más años;Ambos sexos;Confirmados PDIA 7 días;122;
Huelva;De 80 y más años;Ambos sexos;Tasa PDIA 7 dias;490,3339897914071;
Huelva;De 80 y más años;Ambos sexos;Fallecidos;239;
Huelva;De 80 y más años;Ambos sexos;Tasa_Mortalidad;960,5723242634942;
Huelva;De 80 y más años;Ambos sexos;Total Confirmados;2380;
Huelva;De 80 y más años;Ambos sexos;Tasa_total;9565,531931996302;
Jaén;TOTAL;Ambos sexos;Confirmados PDIA;102663;
Jaén;TOTAL;Ambos sexos;Tasa_PDIA;16368,723991135063;
Jaén;TOTAL;Ambos sexos;Confirmados PDIA 14 días;6503;
Jaén;TOTAL;Ambos sexos;Tasa PDIA 14 dias;1036,8468885026866;
Jaén;TOTAL;Ambos sexos;Confirmados PDIA 7 días;2391;
Jaén;TOTAL;Ambos sexos;Tasa PDIA 7 dias;381,22419043670976;
Jaén;TOTAL;Ambos sexos;Fallecidos;1170;
Jaén;TOTAL;Ambos sexos;Tasa_Mortalidad;186,54634161896715;
Jaén;TOTAL;Ambos sexos;Total Confirmados;103229;
Jaén;TOTAL;Ambos sexos;Tasa_total;16458,967776909707;
Jaén;De 0 a 4 años;Ambos sexos;Confirmados PDIA;3771;
Jaén;De 0 a 4 años;Ambos sexos;Tasa_PDIA;15630,44018900771;
Jaén;De 0 a 4 años;Ambos sexos;Confirmados PDIA 14 días;519;
Jaén;De 0 a 4 años;Ambos sexos;Tasa PDIA 14 dias;2151,206167619995;
Jaén;De 0 a 4 años;Ambos sexos;Confirmados PDIA 7 días;199;
Jaén;De 0 a 4 años;Ambos sexos;Tasa PDIA 7 dias;824,8362762165299;
Jaén;De 0 a 4 años;Ambos sexos;Fallecidos;0;
Jaén;De 0 a 4 años;Ambos sexos;Tasa_Mortalidad;0;
Jaén;De 0 a 4 años;Ambos sexos;Total Confirmados;3775;
Jaén;De 0 a 4 años;Ambos sexos;Tasa_total;15647,019812650253;
Jaén;De 5 a 11 años;Ambos sexos;Confirmados PDIA;7186;
Jaén;De 5 a 11 años;Ambos sexos;Tasa_PDIA;17605,840846726773;
Jaén;De 5 a 11 años;Ambos sexos;Confirmados PDIA 14 días;720;
Jaén;De 5 a 11 años;Ambos sexos;Tasa PDIA 14 dias;1764,014112112897;
Jaén;De 5 a 11 años;Ambos sexos;Confirmados PDIA 7 días;278;
Jaén;De 5 a 11 años;Ambos sexos;Tasa PDIA 7 dias;681,1054488435908;
Jaén;De 5 a 11 años;Ambos sexos;Fallecidos;0;
Jaén;De 5 a 11 años;Ambos sexos;Tasa_Mortalidad;0;
Jaén;De 5 a 11 años;Ambos sexos;Total Confirmados;7189;
Jaén;De 5 a 11 años;Ambos sexos;Tasa_total;17613,190905527244;
Jaén;De 12 a 19 años;Ambos sexos;Confirmados PDIA;10959;
Jaén;De 12 a 19 años;Ambos sexos;Tasa_PDIA;20314,382634808237;
Jaén;De 12 a 19 años;Ambos sexos;Confirmados PDIA 14 días;528;
Jaén;De 12 a 19 años;Ambos sexos;Tasa PDIA 14 dias;978,7383913841363;
Jaén;De 12 a 19 años;Ambos sexos;Confirmados PDIA 7 días;188;
Jaén;De 12 a 19 años;Ambos sexos;Tasa PDIA 7 dias;348,4901848110182;
Jaén;De 12 a 19 años;Ambos sexos;Fallecidos;2;
Jaén;De 12 a 19 años;Ambos sexos;Tasa_Mortalidad;3,7073423916065766;
Jaén;De 12 a 19 años;Ambos sexos;Total Confirmados;10968;
Jaén;De 12 a 19 años;Ambos sexos;Tasa_total;20331,065675570466;
Jaén;De 20 a 29 años;Ambos sexos;Confirmados PDIA;15875;
Jaén;De 20 a 29 años;Ambos sexos;Tasa_PDIA;21595,407490035504;
Jaén;De 20 a 29 años;Ambos sexos;Confirmados PDIA 14 días;616;
Jaén;De 20 a 29 años;Ambos sexos;Tasa PDIA 14 dias;837,9698276448422;
Jaén;De 20 a 29 años;Ambos sexos;Confirmados PDIA 7 días;233;
Jaén;De 20 a 29 años;Ambos sexos;Tasa PDIA 7 dias;316,959366625403;
Jaén;De 20 a 29 años;Ambos sexos;Fallecidos;3;
Jaén;De 20 a 29 años;Ambos sexos;Tasa_Mortalidad;4,081021887880725;
Jaén;De 20 a 29 años;Ambos sexos;Total Confirmados;15910;
Jaén;De 20 a 29 años;Ambos sexos;Tasa_total;21643,01941206078;
Jaén;De 30 a 39 años;Ambos sexos;Confirmados PDIA;14547;
Jaén;De 30 a 39 años;Ambos sexos;Tasa_PDIA;18812,803103782735;
Jaén;De 30 a 39 años;Ambos sexos;Confirmados PDIA 14 días;961;
Jaén;De 30 a 39 años;Ambos sexos;Tasa PDIA 14 dias;1242,806336889751;
Jaén;De 30 a 39 años;Ambos sexos;Confirmados PDIA 7 días;372;
Jaén;De 30 a 39 años;Ambos sexos;Tasa PDIA 7 dias;481,086323957323;
Jaén;De 30 a 39 años;Ambos sexos;Fallecidos;3;
Jaén;De 30 a 39 años;Ambos sexos;Tasa_Mortalidad;3,8797284190106693;
Jaén;De 30 a 39 años;Ambos sexos;Total Confirmados;14614;
Jaén;De 30 a 39 años;Ambos sexos;Tasa_total;18899,450371807307;
Jaén;De 40 a 49 años;Ambos sexos;Confirmados PDIA;15938;
Jaén;De 40 a 49 años;Ambos sexos;Tasa_PDIA;17449,473384571593;
Jaén;De 40 a 49 años;Ambos sexos;Confirmados PDIA 14 días;1004;
Jaén;De 40 a 49 años;Ambos sexos;Tasa PDIA 14 dias;1099,2139087783835;
Jaén;De 40 a 49 años;Ambos sexos;Confirmados PDIA 7 días;324;
Jaén;De 40 a 49 años;Ambos sexos;Tasa PDIA 7 dias;354,726400840833;
Jaén;De 40 a 49 años;Ambos sexos;Fallecidos;21;
Jaén;De 40 a 49 años;Ambos sexos;Tasa_Mortalidad;22,991525980424356;
Jaén;De 40 a 49 años;Ambos sexos;Total Confirmados;16020;
Jaén;De 40 a 49 años;Ambos sexos;Tasa_total;17539,249819352295;
Jaén;De 50 a 59 años;Ambos sexos;Confirmados PDIA;14859;
Jaén;De 50 a 59 años;Ambos sexos;Tasa_PDIA;14903,262690189864;
Jaén;De 50 a 59 años;Ambos sexos;Confirmados PDIA 14 días;676;
Jaén;De 50 a 59 años;Ambos sexos;Tasa PDIA 14 dias;678,0137006910525;
Jaén;De 50 a 59 años;Ambos sexos;Confirmados PDIA 7 días;214;
Jaén;De 50 a 59 años;Ambos sexos;Tasa PDIA 7 dias;214,63747329568818;
Jaén;De 50 a 59 años;Ambos sexos;Fallecidos;74;
Jaén;De 50 a 59 años;Ambos sexos;Tasa_Mortalidad;74,22043469103237;
Jaén;De 50 a 59 años;Ambos sexos;Total Confirmados;14996;
Jaén;De 50 a 59 años;Ambos sexos;Tasa_total;15040,670792252991;
Jaén;De 60 a 69 años;Ambos sexos;Confirmados PDIA;8905;
Jaén;De 60 a 69 años;Ambos sexos;Tasa_PDIA;11809,874938662919;
Jaén;De 60 a 69 años;Ambos sexos;Confirmados PDIA 14 días;491;
Jaén;De 60 a 69 años;Ambos sexos;Tasa PDIA 14 dias;651,1677254220655;
Jaén;De 60 a 69 años;Ambos sexos;Confirmados PDIA 7 días;187;
Jaén;De 60 a 69 años;Ambos sexos;Tasa PDIA 7 dias;248,00074267602085;
Jaén;De 60 a 69 años;Ambos sexos;Fallecidos;141;
Jaén;De 60 a 69 años;Ambos sexos;Tasa_Mortalidad;186,99521239207988;
Jaén;De 60 a 69 años;Ambos sexos;Total Confirmados;8993;
Jaén;De 60 a 69 años;Ambos sexos;Tasa_total;11926,581170510457;
Jaén;De 65 años;Ambos sexos;Confirmados PDIA;783;
Jaén;De 65 años;Ambos sexos;Tasa_PDIA;11157,02479338843;
Jaén;De 65 años;Ambos sexos;Confirmados PDIA 14 días;49;
Jaén;De 65 años;Ambos sexos;Tasa PDIA 14 dias;698,2046166999145;
Jaén;De 65 años;Ambos sexos;Confirmados PDIA 7 días;23;
Jaén;De 65 años;Ambos sexos;Tasa PDIA 7 dias;327,7286976346537;
Jaén;De 65 años;Ambos sexos;Fallecidos;12;
Jaén;De 65 años;Ambos sexos;Tasa_Mortalidad;170,98888572242805;
Jaén;De 65 años;Ambos sexos;Total Confirmados;789;
Jaén;De 65 años;Ambos sexos;Tasa_total;11242,519236249644;
Jaén;De 66 años;Ambos sexos;Confirmados PDIA;735;
Jaén;De 66 años;Ambos sexos;Tasa_PDIA;11411,271541686074;
Jaén;De 66 años;Ambos sexos;Confirmados PDIA 14 días;38;
Jaén;De 66 años;Ambos sexos;Tasa PDIA 14 dias;589,9705014749262;
Jaén;De 66 años;Ambos sexos;Confirmados PDIA 7 días;17;
Jaén;De 66 años;Ambos sexos;Tasa PDIA 7 dias;263,934171712467;
Jaén;De 66 años;Ambos sexos;Fallecidos;15;
Jaén;De 66 años;Ambos sexos;Tasa_Mortalidad;232,88309268747088;
Jaén;De 66 años;Ambos sexos;Total Confirmados;741;
Jaén;De 66 años;Ambos sexos;Tasa_total;11504,424778761062;
Jaén;De 67 años;Ambos sexos;Confirmados PDIA;725;
Jaén;De 67 años;Ambos sexos;Tasa_PDIA;10657,063060414523;
Jaén;De 67 años;Ambos sexos;Confirmados PDIA 14 días;36;
Jaén;De 67 años;Ambos sexos;Tasa PDIA 14 dias;529,1783036895488;
Jaén;De 67 años;Ambos sexos;Confirmados PDIA 7 días;10;
Jaén;De 67 años;Ambos sexos;Tasa PDIA 7 dias;146,99397324709687;
Jaén;De 67 años;Ambos sexos;Fallecidos;15;
Jaén;De 67 años;Ambos sexos;Tasa_Mortalidad;220,4909598706453;
Jaén;De 67 años;Ambos sexos;Total Confirmados;729;
Jaén;De 67 años;Ambos sexos;Tasa_total;10715,860649713362;
Jaén;De 68 años;Ambos sexos;Confirmados PDIA;692;
Jaén;De 68 años;Ambos sexos;Tasa_PDIA;10606,989576946658;
Jaén;De 68 años;Ambos sexos;Confirmados PDIA 14 días;36;
Jaén;De 68 años;Ambos sexos;Tasa PDIA 14 dias;551,808706315144;
Jaén;De 68 años;Ambos sexos;Confirmados PDIA 7 días;15;
Jaén;De 68 años;Ambos sexos;Tasa PDIA 7 dias;229,92029429797668;
Jaén;De 68 años;Ambos sexos;Fallecidos;13;
Jaén;De 68 años;Ambos sexos;Tasa_Mortalidad;199,26425505824648;
Jaén;De 68 años;Ambos sexos;Total Confirmados;696;
Jaén;De 68 años;Ambos sexos;Tasa_total;10668,30165542612;
Jaén;De 69 años;Ambos sexos;Confirmados PDIA;625;
Jaén;De 69 años;Ambos sexos;Tasa_PDIA;11556,952662721893;
Jaén;De 69 años;Ambos sexos;Confirmados PDIA 14 días;44;
Jaén;De 69 años;Ambos sexos;Tasa PDIA 14 dias;813,6094674556213;
Jaén;De 69 años;Ambos sexos;Confirmados PDIA 7 días;13;
Jaén;De 69 años;Ambos sexos;Tasa PDIA 7 dias;240,3846153846154;
Jaén;De 69 años;Ambos sexos;Fallecidos;16;
Jaén;De 69 años;Ambos sexos;Tasa_Mortalidad;295,85798816568047;
Jaén;De 69 años;Ambos sexos;Total Confirmados;628;
Jaén;De 69 años;Ambos sexos;Tasa_total;11612,426035502958;
Jaén;De 70 a 79 años;Ambos sexos;Confirmados PDIA;5037;
Jaén;De 70 a 79 años;Ambos sexos;Tasa_PDIA;10269,322514220474;
Jaén;De 70 a 79 años;Ambos sexos;Confirmados PDIA 14 días;421;
Jaén;De 70 a 79 años;Ambos sexos;Tasa PDIA 14 dias;858,3253481212665;
Jaén;De 70 a 79 años;Ambos sexos;Confirmados PDIA 7 días;159;
Jaén;De 70 a 79 años;Ambos sexos;Tasa PDIA 7 dias;324,1656302880793;
Jaén;De 70 a 79 años;Ambos sexos;Fallecidos;257;
Jaén;De 70 a 79 años;Ambos sexos;Tasa_Mortalidad;523,9658300882791;
Jaén;De 70 a 79 años;Ambos sexos;Total Confirmados;5079;
Jaén;De 70 a 79 años;Ambos sexos;Tasa_total;10354,951171277702;
Jaén;De 80 y más años;Ambos sexos;Confirmados PDIA;5585;
Jaén;De 80 y más años;Ambos sexos;Tasa_PDIA;13306,490040979701;
Jaén;De 80 y más años;Ambos sexos;Confirmados PDIA 14 días;567;
Jaén;De 80 y más años;Ambos sexos;Tasa PDIA 14 dias;1350,9006004002667;
Jaén;De 80 y más años;Ambos sexos;Confirmados PDIA 7 días;237;
Jaén;De 80 y más años;Ambos sexos;Tasa PDIA 7 dias;564,6621557228628;
Jaén;De 80 y más años;Ambos sexos;Fallecidos;669;
Jaén;De 80 y más años;Ambos sexos;Tasa_Mortalidad;1593,919756027828;
Jaén;De 80 y más años;Ambos sexos;Total Confirmados;5684;
Jaén;De 80 y más años;Ambos sexos;Tasa_total;13542,361574382921;
Málaga;TOTAL;Ambos sexos;Confirmados PDIA;239648;
Málaga;TOTAL;Ambos sexos;Tasa_PDIA;14133,096963938924;
Málaga;TOTAL;Ambos sexos;Confirmados PDIA 14 días;11898;
Málaga;TOTAL;Ambos sexos;Tasa PDIA 14 dias;701,6774088535907;
Málaga;TOTAL;Ambos sexos;Confirmados PDIA 7 días;4201;
Málaga;TOTAL;Ambos sexos;Tasa PDIA 7 dias;247,75145357151914;
Málaga;TOTAL;Ambos sexos;Fallecidos;2187;
Málaga;TOTAL;Ambos sexos;Tasa_Mortalidad;128,97701236870088;
Málaga;TOTAL;Ambos sexos;Total Confirmados;241595;
Málaga;TOTAL;Ambos sexos;Tasa_total;14247,920120354955;
Málaga;De 0 a 4 años;Ambos sexos;Confirmados PDIA;7419;
Málaga;De 0 a 4 años;Ambos sexos;Tasa_PDIA;10583,301236786921;
Málaga;De 0 a 4 años;Ambos sexos;Confirmados PDIA 14 días;819;
Málaga;De 0 a 4 años;Ambos sexos;Tasa PDIA 14 dias;1168,3142893824624;
Málaga;De 0 a 4 años;Ambos sexos;Confirmados PDIA 7 días;262;
Málaga;De 0 a 4 años;Ambos sexos;Tasa PDIA 7 dias;373,74645154848;
Málaga;De 0 a 4 años;Ambos sexos;Fallecidos;2;
Málaga;De 0 a 4 años;Ambos sexos;Tasa_Mortalidad;2,853026347698321;
Málaga;De 0 a 4 años;Ambos sexos;Total Confirmados;7436;
Málaga;De 0 a 4 años;Ambos sexos;Tasa_total;10607,551960742358;
Málaga;De 5 a 11 años;Ambos sexos;Confirmados PDIA;17122;
Málaga;De 5 a 11 años;Ambos sexos;Tasa_PDIA;13673,862175263743;
Málaga;De 5 a 11 años;Ambos sexos;Confirmados PDIA 14 días;1461;
Málaga;De 5 a 11 años;Ambos sexos;Tasa PDIA 14 dias;1166,7744795035817;
Málaga;De 5 a 11 años;Ambos sexos;Confirmados PDIA 7 días;495;
Málaga;De 5 a 11 años;Ambos sexos;Tasa PDIA 7 dias;395,313735355423;
Málaga;De 5 a 11 años;Ambos sexos;Fallecidos;0;
Málaga;De 5 a 11 años;Ambos sexos;Tasa_Mortalidad;0;
Málaga;De 5 a 11 años;Ambos sexos;Total Confirmados;17143;
Málaga;De 5 a 11 años;Ambos sexos;Tasa_total;13690,633061006094;
Málaga;De 12 a 19 años;Ambos sexos;Confirmados PDIA;25390;
Málaga;De 12 a 19 años;Ambos sexos;Tasa_PDIA;16902,214795928558;
Málaga;De 12 a 19 años;Ambos sexos;Confirmados PDIA 14 días;1018;
Málaga;De 12 a 19 años;Ambos sexos;Tasa PDIA 14 dias;677,6862805141894;
Málaga;De 12 a 19 años;Ambos sexos;Confirmados PDIA 7 días;352;
Málaga;De 12 a 19 años;Ambos sexos;Tasa PDIA 7 dias;234,32767263359008;
Málaga;De 12 a 19 años;Ambos sexos;Fallecidos;1;
Málaga;De 12 a 19 años;Ambos sexos;Tasa_Mortalidad;0,6657036154363354;
Málaga;De 12 a 19 años;Ambos sexos;Total Confirmados;25430;
Málaga;De 12 a 19 años;Ambos sexos;Tasa_total;16928,84294054601;
Málaga;De 20 a 29 años;Ambos sexos;Confirmados PDIA;37931;
Málaga;De 20 a 29 años;Ambos sexos;Tasa_PDIA;21568,98424305836;
Málaga;De 20 a 29 años;Ambos sexos;Confirmados PDIA 14 días;998;
Málaga;De 20 a 29 años;Ambos sexos;Tasa PDIA 14 dias;567,5000995115405;
Málaga;De 20 a 29 años;Ambos sexos;Confirmados PDIA 7 días;363;
Málaga;De 20 a 29 años;Ambos sexos;Tasa PDIA 7 dias;206,41536685640202;
Málaga;De 20 a 29 años;Ambos sexos;Fallecidos;14;
Málaga;De 20 a 29 años;Ambos sexos;Tasa_Mortalidad;7,960923239640849;
Málaga;De 20 a 29 años;Ambos sexos;Total Confirmados;38104;
Málaga;De 20 a 29 años;Ambos sexos;Tasa_total;21667,35850880535;
Málaga;De 30 a 39 años;Ambos sexos;Confirmados PDIA;40278;
Málaga;De 30 a 39 años;Ambos sexos;Tasa_PDIA;17779,24915579686;
Málaga;De 30 a 39 años;Ambos sexos;Confirmados PDIA 14 días;1780;
Málaga;De 30 a 39 años;Ambos sexos;Tasa PDIA 14 dias;785,7158621907347;
Málaga;De 30 a 39 años;Ambos sexos;Confirmados PDIA 7 días;600;
Málaga;De 30 a 39 años;Ambos sexos;Tasa PDIA 7 dias;264,84804343507915;
Málaga;De 30 a 39 años;Ambos sexos;Fallecidos;17;
Málaga;De 30 a 39 años;Ambos sexos;Tasa_Mortalidad;7,504027897327242;
Málaga;De 30 a 39 años;Ambos sexos;Total Confirmados;40584;
Málaga;De 30 a 39 años;Ambos sexos;Tasa_total;17914,321657948753;
Málaga;De 40 a 49 años;Ambos sexos;Confirmados PDIA;42461;
Málaga;De 40 a 49 años;Ambos sexos;Tasa_PDIA;14883,347587734672;
Málaga;De 40 a 49 años;Ambos sexos;Confirmados PDIA 14 días;2222;
Málaga;De 40 a 49 años;Ambos sexos;Tasa PDIA 14 dias;778,851141987858;
Málaga;De 40 a 49 años;Ambos sexos;Confirmados PDIA 7 días;803;
Málaga;De 40 a 49 años;Ambos sexos;Tasa PDIA 7 dias;281,46600675798834;
Málaga;De 40 a 49 años;Ambos sexos;Fallecidos;30;
Málaga;De 40 a 49 años;Ambos sexos;Tasa_Mortalidad;10,515541971033187;
Málaga;De 40 a 49 años;Ambos sexos;Total Confirmados;42917;
Málaga;De 40 a 49 años;Ambos sexos;Tasa_total;15043,183825694376;
Málaga;De 50 a 59 años;Ambos sexos;Confirmados PDIA;31758;
Málaga;De 50 a 59 años;Ambos sexos;Tasa_PDIA;12438,849568960453;
Málaga;De 50 a 59 años;Ambos sexos;Confirmados PDIA 14 días;1429;
Málaga;De 50 a 59 años;Ambos sexos;Tasa PDIA 14 dias;559,7051462322718;
Málaga;De 50 a 59 años;Ambos sexos;Confirmados PDIA 7 días;458;
Málaga;De 50 a 59 años;Ambos sexos;Tasa PDIA 7 dias;179,38765358599053;
Málaga;De 50 a 59 años;Ambos sexos;Fallecidos;143;
Málaga;De 50 a 59 años;Ambos sexos;Tasa_Mortalidad;56,00968223318045;
Málaga;De 50 a 59 años;Ambos sexos;Total Confirmados;32194;
Málaga;De 50 a 59 años;Ambos sexos;Tasa_total;12609,620348356722;
Málaga;De 60 a 69 años;Ambos sexos;Confirmados PDIA;18344;
Málaga;De 60 a 69 años;Ambos sexos;Tasa_PDIA;9526,62875542053;
Málaga;De 60 a 69 años;Ambos sexos;Confirmados PDIA 14 días;840;
Málaga;De 60 a 69 años;Ambos sexos;Tasa PDIA 14 dias;436,2389966503077;
Málaga;De 60 a 69 años;Ambos sexos;Confirmados PDIA 7 días;325;
Málaga;De 60 a 69 años;Ambos sexos;Tasa PDIA 7 dias;168,78294513255952;
Málaga;De 60 a 69 años;Ambos sexos;Fallecidos;314;
Málaga;De 60 a 69 años;Ambos sexos;Tasa_Mortalidad;163,070291604996;
Málaga;De 60 a 69 años;Ambos sexos;Total Confirmados;18549;
Málaga;De 60 a 69 años;Ambos sexos;Tasa_total;9633,091843888758;
Málaga;De 65 años;Ambos sexos;Confirmados PDIA;1745;
Málaga;De 65 años;Ambos sexos;Tasa_PDIA;9326,064881620438;
Málaga;De 65 años;Ambos sexos;Confirmados PDIA 14 días;67;
Málaga;De 65 años;Ambos sexos;Tasa PDIA 14 dias;358,0781358559136;
Málaga;De 65 años;Ambos sexos;Confirmados PDIA 7 días;29;
Málaga;De 65 años;Ambos sexos;Tasa PDIA 7 dias;154,98904387793277;
Málaga;De 65 años;Ambos sexos;Fallecidos;44;
Málaga;De 65 años;Ambos sexos;Tasa_Mortalidad;235,15579071134627;
Málaga;De 65 años;Ambos sexos;Total Confirmados;1760;
Málaga;De 65 años;Ambos sexos;Tasa_total;9406,23162845385;
Málaga;De 66 años;Ambos sexos;Confirmados PDIA;1663;
Málaga;De 66 años;Ambos sexos;Tasa_PDIA;9357,416160252082;
Málaga;De 66 años;Ambos sexos;Confirmados PDIA 14 días;73;
Málaga;De 66 años;Ambos sexos;Tasa PDIA 14 dias;410,7584965113662;
Málaga;De 66 años;Ambos sexos;Confirmados PDIA 7 días;32;
Málaga;De 66 años;Ambos sexos;Tasa PDIA 7 dias;180,05851901868107;
Málaga;De 66 años;Ambos sexos;Fallecidos;30;
Málaga;De 66 años;Ambos sexos;Tasa_Mortalidad;168,8048615800135;
Málaga;De 66 años;Ambos sexos;Total Confirmados;1673;
Málaga;De 66 años;Ambos sexos;Tasa_total;9413,68444744542;
Málaga;De 67 años;Ambos sexos;Confirmados PDIA;1518;
Málaga;De 67 años;Ambos sexos;Tasa_PDIA;8646,616541353384;
Málaga;De 67 años;Ambos sexos;Confirmados PDIA 14 días;83;
Málaga;De 67 años;Ambos sexos;Tasa PDIA 14 dias;472,77284119389384;
Málaga;De 67 años;Ambos sexos;Confirmados PDIA 7 días;33;
Málaga;De 67 años;Ambos sexos;Tasa PDIA 7 dias;187,96992481203006;
Málaga;De 67 años;Ambos sexos;Fallecidos;35;
Málaga;De 67 años;Ambos sexos;Tasa_Mortalidad;199,36204146730464;
Málaga;De 67 años;Ambos sexos;Total Confirmados;1534;
Málaga;De 67 años;Ambos sexos;Tasa_total;8737,75347459558;
Málaga;De 68 años;Ambos sexos;Confirmados PDIA;1387;
Málaga;De 68 años;Ambos sexos;Tasa_PDIA;7999,307918565084;
Málaga;De 68 años;Ambos sexos;Confirmados PDIA 14 días;79;
Málaga;De 68 años;Ambos sexos;Tasa PDIA 14 dias;455,62027798604305;
Málaga;De 68 años;Ambos sexos;Confirmados PDIA 7 días;38;
Málaga;De 68 años;Ambos sexos;Tasa PDIA 7 dias;219,15912105657767;
Málaga;De 68 años;Ambos sexos;Fallecidos;32;
Málaga;De 68 años;Ambos sexos;Tasa_Mortalidad;184,55504931080225;
Málaga;De 68 años;Ambos sexos;Total Confirmados;1399;
Málaga;De 68 años;Ambos sexos;Tasa_total;8068,516062056636;
Málaga;De 69 años;Ambos sexos;Confirmados PDIA;1327;
Málaga;De 69 años;Ambos sexos;Tasa_PDIA;8165,6513445326445;
Málaga;De 69 años;Ambos sexos;Confirmados PDIA 14 días;73;
Málaga;De 69 años;Ambos sexos;Tasa PDIA 14 dias;449,2031259614793;
Málaga;De 69 años;Ambos sexos;Confirmados PDIA 7 días;35;
Málaga;De 69 años;Ambos sexos;Tasa PDIA 7 dias;215,37136176235308;
Málaga;De 69 años;Ambos sexos;Fallecidos;44;
Málaga;De 69 años;Ambos sexos;Tasa_Mortalidad;270,75256907267243;
Málaga;De 69 años;Ambos sexos;Total Confirmados;1340;
Málaga;De 69 años;Ambos sexos;Tasa_total;8245,646421758662;
Málaga;De 70 a 79 años;Ambos sexos;Confirmados PDIA;10736;
Málaga;De 70 a 79 años;Ambos sexos;Tasa_PDIA;7866,930460907159;
Málaga;De 70 a 79 años;Ambos sexos;Confirmados PDIA 14 días;687;
Málaga;De 70 a 79 años;Ambos sexos;Tasa PDIA 14 dias;503,40734227302704;
Málaga;De 70 a 79 años;Ambos sexos;Confirmados PDIA 7 días;281;
Málaga;De 70 a 79 años;Ambos sexos;Tasa PDIA 7 dias;205,90605993991355;
Málaga;De 70 a 79 años;Ambos sexos;Fallecidos;584;
Málaga;De 70 a 79 años;Ambos sexos;Tasa_Mortalidad;427,93287902103026;
Málaga;De 70 a 79 años;Ambos sexos;Total Confirmados;10845;
Málaga;De 70 a 79 años;Ambos sexos;Tasa_total;7946,80149483403;
Málaga;De 80 y más años;Ambos sexos;Confirmados PDIA;8023;
Málaga;De 80 y más años;Ambos sexos;Tasa_PDIA;10275,095412515047;
Málaga;De 80 y más años;Ambos sexos;Confirmados PDIA 14 días;644;
Málaga;De 80 y más años;Ambos sexos;Tasa PDIA 14 dias;824,7739555851541;
Málaga;De 80 y más años;Ambos sexos;Confirmados PDIA 7 días;262;
Málaga;De 80 y más años;Ambos sexos;Tasa PDIA 7 dias;335,5446837939602;
Málaga;De 80 y más años;Ambos sexos;Fallecidos;1082;
Málaga;De 80 y más años;Ambos sexos;Tasa_Mortalidad;1385,722701775057;
Málaga;De 80 y más años;Ambos sexos;Total Confirmados;8200;
Málaga;De 80 y más años;Ambos sexos;Tasa_total;10501,780179810969;
Sevilla;TOTAL;Ambos sexos;Confirmados PDIA;263320;
Sevilla;TOTAL;Ambos sexos;Tasa_PDIA;13467,152463386243;
Sevilla;TOTAL;Ambos sexos;Confirmados PDIA 14 días;11743;
Sevilla;TOTAL;Ambos sexos;Tasa PDIA 14 dias;600,5801738475795;
Sevilla;TOTAL;Ambos sexos;Confirmados PDIA 7 días;3842;
Sevilla;TOTAL;Ambos sexos;Tasa PDIA 7 dias;196,49399880119225;
Sevilla;TOTAL;Ambos sexos;Fallecidos;2505;
Sevilla;TOTAL;Ambos sexos;Tasa_Mortalidad;128,11490551717506;
Sevilla;TOTAL;Ambos sexos;Total Confirmados;264192;
Sevilla;TOTAL;Ambos sexos;Tasa_total;13511,749747861682;
Sevilla;De 0 a 4 años;Ambos sexos;Confirmados PDIA;8210;
Sevilla;De 0 a 4 años;Ambos sexos;Tasa_PDIA;9602,56380266205;
Sevilla;De 0 a 4 años;Ambos sexos;Confirmados PDIA 14 días;751;
Sevilla;De 0 a 4 años;Ambos sexos;Tasa PDIA 14 dias;878,3831200729842;
Sevilla;De 0 a 4 años;Ambos sexos;Confirmados PDIA 7 días;221;
Sevilla;De 0 a 4 años;Ambos sexos;Tasa PDIA 7 dias;258,485578610026;
Sevilla;De 0 a 4 años;Ambos sexos;Fallecidos;0;
Sevilla;De 0 a 4 años;Ambos sexos;Tasa_Mortalidad;0;
Sevilla;De 0 a 4 años;Ambos sexos;Total Confirmados;8216;
Sevilla;De 0 a 4 años;Ambos sexos;Tasa_total;9609,581510678612;
Sevilla;De 5 a 11 años;Ambos sexos;Confirmados PDIA;18802;
Sevilla;De 5 a 11 años;Ambos sexos;Tasa_PDIA;12450,501278027203;
Sevilla;De 5 a 11 años;Ambos sexos;Confirmados PDIA 14 días;983;
Sevilla;De 5 a 11 años;Ambos sexos;Tasa PDIA 14 dias;650,9330260770524;
Sevilla;De 5 a 11 años;Ambos sexos;Confirmados PDIA 7 días;302;
Sevilla;De 5 a 11 años;Ambos sexos;Tasa PDIA 7 dias;199,98145867270583;
Sevilla;De 5 a 11 años;Ambos sexos;Fallecidos;0;
Sevilla;De 5 a 11 años;Ambos sexos;Tasa_Mortalidad;0;
Sevilla;De 5 a 11 años;Ambos sexos;Total Confirmados;18818;
Sevilla;De 5 a 11 años;Ambos sexos;Tasa_total;12461,096322195293;
Sevilla;De 12 a 19 años;Ambos sexos;Confirmados PDIA;28255;
Sevilla;De 12 a 19 años;Ambos sexos;Tasa_PDIA;15384,82480738341;
Sevilla;De 12 a 19 años;Ambos sexos;Confirmados PDIA 14 días;746;
Sevilla;De 12 a 19 años;Ambos sexos;Tasa PDIA 14 dias;406,19640086030876;
Sevilla;De 12 a 19 años;Ambos sexos;Confirmados PDIA 7 días;255;
Sevilla;De 12 a 19 años;Ambos sexos;Tasa PDIA 7 dias;138,84729520023959;
Sevilla;De 12 a 19 años;Ambos sexos;Fallecidos;1;
Sevilla;De 12 a 19 años;Ambos sexos;Tasa_Mortalidad;0,5444991968636846;
Sevilla;De 12 a 19 años;Ambos sexos;Total Confirmados;28275;
Sevilla;De 12 a 19 años;Ambos sexos;Tasa_total;15395,714791320683;
Sevilla;De 20 a 29 años;Ambos sexos;Confirmados PDIA;40538;
Sevilla;De 20 a 29 años;Ambos sexos;Tasa_PDIA;19173,067463770858;
Sevilla;De 20 a 29 años;Ambos sexos;Confirmados PDIA 14 días;1087;
Sevilla;De 20 a 29 años;Ambos sexos;Tasa PDIA 14 dias;514,1132846494381;
Sevilla;De 20 a 29 años;Ambos sexos;Confirmados PDIA 7 días;372;
Sevilla;De 20 a 29 años;Ambos sexos;Tasa PDIA 7 dias;175,94309281471112;
Sevilla;De 20 a 29 años;Ambos sexos;Fallecidos;10;
Sevilla;De 20 a 29 años;Ambos sexos;Tasa_Mortalidad;4,729653032653524;
Sevilla;De 20 a 29 años;Ambos sexos;Total Confirmados;40637;
Sevilla;De 20 a 29 años;Ambos sexos;Tasa_total;19219,89102879413;
Sevilla;De 30 a 39 años;Ambos sexos;Confirmados PDIA;41495;
Sevilla;De 30 a 39 años;Ambos sexos;Tasa_PDIA;16505,174896382745;
Sevilla;De 30 a 39 años;Ambos sexos;Confirmados PDIA 14 días;1955;
Sevilla;De 30 a 39 años;Ambos sexos;Tasa PDIA 14 dias;777,6266278449997;
Sevilla;De 30 a 39 años;Ambos sexos;Confirmados PDIA 7 días;662;
Sevilla;De 30 a 39 años;Ambos sexos;Tasa PDIA 7 dias;263,3190934186137;
Sevilla;De 30 a 39 años;Ambos sexos;Fallecidos;23;
Sevilla;De 30 a 39 años;Ambos sexos;Tasa_Mortalidad;9,14854856288235;
Sevilla;De 30 a 39 años;Ambos sexos;Total Confirmados;41634;
Sevilla;De 30 a 39 años;Ambos sexos;Tasa_total;16560,463950741032;
Sevilla;De 40 a 49 años;Ambos sexos;Confirmados PDIA;48201;
Sevilla;De 40 a 49 años;Ambos sexos;Tasa_PDIA;14601,231082407396;
Sevilla;De 40 a 49 años;Ambos sexos;Confirmados PDIA 14 días;2339;
Sevilla;De 40 a 49 años;Ambos sexos;Tasa PDIA 14 dias;708,5388166583867;
Sevilla;De 40 a 49 años;Ambos sexos;Confirmados PDIA 7 días;747;
Sevilla;De 40 a 49 años;Ambos sexos;Tasa PDIA 7 dias;226,28409407602174;
Sevilla;De 40 a 49 años;Ambos sexos;Fallecidos;46;
Sevilla;De 40 a 49 años;Ambos sexos;Tasa_Mortalidad;13,934495753008033;
Sevilla;De 40 a 49 años;Ambos sexos;Total Confirmados;48371;
Sevilla;De 40 a 49 años;Ambos sexos;Tasa_total;14652,728131929382;
Sevilla;De 50 a 59 años;Ambos sexos;Confirmados PDIA;36535;
Sevilla;De 50 a 59 años;Ambos sexos;Tasa_PDIA;12466,73036238313;
Sevilla;De 50 a 59 años;Ambos sexos;Confirmados PDIA 14 días;1416;
Sevilla;De 50 a 59 años;Ambos sexos;Tasa PDIA 14 dias;483,1775063127005;
Sevilla;De 50 a 59 años;Ambos sexos;Confirmados PDIA 7 días;423;
Sevilla;De 50 a 59 años;Ambos sexos;Tasa PDIA 7 dias;144,33904319934484;
Sevilla;De 50 a 59 años;Ambos sexos;Fallecidos;173;
Sevilla;De 50 a 59 años;Ambos sexos;Tasa_Mortalidad;59,03228007916468;
Sevilla;De 50 a 59 años;Ambos sexos;Total Confirmados;36712;
Sevilla;De 50 a 59 años;Ambos sexos;Tasa_total;12527,127550672218;
Sevilla;De 60 a 69 años;Ambos sexos;Confirmados PDIA;19825;
Sevilla;De 60 a 69 años;Ambos sexos;Tasa_PDIA;9422,752441835595;
Sevilla;De 60 a 69 años;Ambos sexos;Confirmados PDIA 14 días;849;
Sevilla;De 60 a 69 años;Ambos sexos;Tasa PDIA 14 dias;403,52669977898717;
Sevilla;De 60 a 69 años;Ambos sexos;Confirmados PDIA 7 días;294;
Sevilla;De 60 a 69 años;Ambos sexos;Tasa PDIA 7 dias;139,73716105420755;
Sevilla;De 60 a 69 años;Ambos sexos;Fallecidos;386;
Sevilla;De 60 a 69 años;Ambos sexos;Tasa_Mortalidad;183,46443594191877;
Sevilla;De 60 a 69 años;Ambos sexos;Total Confirmados;19921;
Sevilla;De 60 a 69 años;Ambos sexos;Tasa_total;9468,38090258799;
Sevilla;De 65 años;Ambos sexos;Confirmados PDIA;1810;
Sevilla;De 65 años;Ambos sexos;Tasa_PDIA;8982,630272952854;
Sevilla;De 65 años;Ambos sexos;Confirmados PDIA 14 días;88;
Sevilla;De 65 años;Ambos sexos;Tasa PDIA 14 dias;436,72456575682384;
Sevilla;De 65 años;Ambos sexos;Confirmados PDIA 7 días;24;
Sevilla;De 65 años;Ambos sexos;Tasa PDIA 7 dias;119,10669975186104;
Sevilla;De 65 años;Ambos sexos;Fallecidos;45;
Sevilla;De 65 años;Ambos sexos;Tasa_Mortalidad;223,32506203473946;
Sevilla;De 65 años;Ambos sexos;Total Confirmados;1819;
Sevilla;De 65 años;Ambos sexos;Tasa_total;9027,295285359802;
Sevilla;De 66 años;Ambos sexos;Confirmados PDIA;1732;
Sevilla;De 66 años;Ambos sexos;Tasa_PDIA;9255,597712819965;
Sevilla;De 66 años;Ambos sexos;Confirmados PDIA 14 días;64;
Sevilla;De 66 años;Ambos sexos;Tasa PDIA 14 dias;342,0082295730241;
Sevilla;De 66 años;Ambos sexos;Confirmados PDIA 7 días;23;
Sevilla;De 66 años;Ambos sexos;Tasa PDIA 7 dias;122,90920750280554;
Sevilla;De 66 años;Ambos sexos;Fallecidos;35;
Sevilla;De 66 años;Ambos sexos;Tasa_Mortalidad;187,03575054774757;
Sevilla;De 66 años;Ambos sexos;Total Confirmados;1737;
Sevilla;De 66 años;Ambos sexos;Tasa_total;9282,317105755357;
Sevilla;De 67 años;Ambos sexos;Confirmados PDIA;1650;
Sevilla;De 67 años;Ambos sexos;Tasa_PDIA;8579,450915141431;
Sevilla;De 67 años;Ambos sexos;Confirmados PDIA 14 días;64;
Sevilla;De 67 años;Ambos sexos;Tasa PDIA 14 dias;332,77870216306155;
Sevilla;De 67 años;Ambos sexos;Confirmados PDIA 7 días;19;
Sevilla;De 67 años;Ambos sexos;Tasa PDIA 7 dias;98,7936772046589;
Sevilla;De 67 años;Ambos sexos;Fallecidos;48;
Sevilla;De 67 años;Ambos sexos;Tasa_Mortalidad;249,58402662229616;
Sevilla;De 67 años;Ambos sexos;Total Confirmados;1654;
Sevilla;De 67 años;Ambos sexos;Tasa_total;8600,249584026622;
Sevilla;De 68 años;Ambos sexos;Confirmados PDIA;1577;
Sevilla;De 68 años;Ambos sexos;Tasa_PDIA;8401,70484816196;
Sevilla;De 68 años;Ambos sexos;Confirmados PDIA 14 días;60;
Sevilla;De 68 años;Ambos sexos;Tasa PDIA 14 dias;319,6590303676079;
Sevilla;De 68 años;Ambos sexos;Confirmados PDIA 7 días;28;
Sevilla;De 68 años;Ambos sexos;Tasa PDIA 7 dias;149,17421417155035;
Sevilla;De 68 años;Ambos sexos;Fallecidos;56;
Sevilla;De 68 años;Ambos sexos;Tasa_Mortalidad;298,3484283431007;
Sevilla;De 68 años;Ambos sexos;Total Confirmados;1584;
Sevilla;De 68 años;Ambos sexos;Tasa_total;8438,998401704848;
Sevilla;De 69 años;Ambos sexos;Confirmados PDIA;1458;
Sevilla;De 69 años;Ambos sexos;Tasa_PDIA;8239,150090415913;
Sevilla;De 69 años;Ambos sexos;Confirmados PDIA 14 días;66;
Sevilla;De 69 años;Ambos sexos;Tasa PDIA 14 dias;372,96564195298373;
Sevilla;De 69 años;Ambos sexos;Confirmados PDIA 7 días;23;
Sevilla;De 69 años;Ambos sexos;Tasa PDIA 7 dias;129,97287522603978;
Sevilla;De 69 años;Ambos sexos;Fallecidos;50;
Sevilla;De 69 años;Ambos sexos;Tasa_Mortalidad;282,5497287522604;
Sevilla;De 69 años;Ambos sexos;Total Confirmados;1462;
Sevilla;De 69 años;Ambos sexos;Tasa_total;8261,754068716094;
Sevilla;De 70 a 79 años;Ambos sexos;Confirmados PDIA;11957;
Sevilla;De 70 a 79 años;Ambos sexos;Tasa_PDIA;8101,387609084503;
Sevilla;De 70 a 79 años;Ambos sexos;Confirmados PDIA 14 días;696;
Sevilla;De 70 a 79 años;Ambos sexos;Tasa PDIA 14 dias;471,5702748116429;
Sevilla;De 70 a 79 años;Ambos sexos;Confirmados PDIA 7 días;253;
Sevilla;De 70 a 79 años;Ambos sexos;Tasa PDIA 7 dias;171,41850506802535;
Sevilla;De 70 a 79 años;Ambos sexos;Fallecidos;636;
Sevilla;De 70 a 79 años;Ambos sexos;Tasa_Mortalidad;430,9176649140875;
Sevilla;De 70 a 79 años;Ambos sexos;Total Confirmados;12018;
Sevilla;De 70 a 79 años;Ambos sexos;Tasa_total;8142,717762480352;
Sevilla;De 80 y más años;Ambos sexos;Confirmados PDIA;9496;
Sevilla;De 80 y más años;Ambos sexos;Tasa_PDIA;10422,794924704745;
Sevilla;De 80 y más años;Ambos sexos;Confirmados PDIA 14 días;921;
Sevilla;De 80 y más años;Ambos sexos;Tasa PDIA 14 dias;1010,8881766694473;
Sevilla;De 80 y más años;Ambos sexos;Confirmados PDIA 7 días;313;
Sevilla;De 80 y más años;Ambos sexos;Tasa PDIA 7 dias;343,5483162839707;
Sevilla;De 80 y más años;Ambos sexos;Fallecidos;1230;
Sevilla;De 80 y más años;Ambos sexos;Tasa_Mortalidad;1350,0460991350924;
Sevilla;De 80 y más años;Ambos sexos;Total Confirmados;9584;
Sevilla;De 80 y más años;Ambos sexos;Tasa_total;10519,383588707908;
