Fecha diagnóstico;Medida;Edad;Valor;
09/02; ;De 0 a 14 años;;
09/02; ;De 15 a 29 años;;
09/02; ;De 30 a 44 años;;
09/02; ;De 45 a 64 años;0;
09/02; ;De 65 a 84 años;;
09/02; ;De 85 y más años;;
20/02; ;De 0 a 14 años;;
20/02; ;De 15 a 29 años;;
20/02; ;De 30 a 44 años;0;
20/02; ;De 45 a 64 años;;
20/02; ;De 65 a 84 años;;
20/02; ;De 85 y más años;;
21/02; ;De 0 a 14 años;;
21/02; ;De 15 a 29 años;;
21/02; ;De 30 a 44 años;;
21/02; ;De 45 a 64 años;0;
21/02; ;De 65 a 84 años;;
21/02; ;De 85 y más años;;
26/02; ;De 0 a 14 años;;
26/02; ;De 15 a 29 años;;
26/02; ;De 30 a 44 años;;
26/02; ;De 45 a 64 años;2;
26/02; ;De 65 a 84 años;;
26/02; ;De 85 y más años;;
27/02; ;De 0 a 14 años;;
27/02; ;De 15 a 29 años;1;
27/02; ;De 30 a 44 años;1;
27/02; ;De 45 a 64 años;;
27/02; ;De 65 a 84 años;;
27/02; ;De 85 y más años;;
28/02; ;De 0 a 14 años;;
28/02; ;De 15 a 29 años;1;
28/02; ;De 30 a 44 años;1;
28/02; ;De 45 a 64 años;5;
28/02; ;De 65 a 84 años;1;
28/02; ;De 85 y más años;;
29/02; ;De 0 a 14 años;1;
29/02; ;De 15 a 29 años;2;
29/02; ;De 30 a 44 años;;
29/02; ;De 45 a 64 años;3;
29/02; ;De 65 a 84 años;;
29/02; ;De 85 y más años;;
01/03; ;De 0 a 14 años;1;
01/03; ;De 15 a 29 años;;
01/03; ;De 30 a 44 años;;
01/03; ;De 45 a 64 años;;
01/03; ;De 65 a 84 años;;
01/03; ;De 85 y más años;;
02/03; ;De 0 a 14 años;;
02/03; ;De 15 a 29 años;;
02/03; ;De 30 a 44 años;;
02/03; ;De 45 a 64 años;0;
02/03; ;De 65 a 84 años;1;
02/03; ;De 85 y más años;;
03/03; ;De 0 a 14 años;;
03/03; ;De 15 a 29 años;;
03/03; ;De 30 a 44 años;1;
03/03; ;De 45 a 64 años;1;
03/03; ;De 65 a 84 años;;
03/03; ;De 85 y más años;;
04/03; ;De 0 a 14 años;;
04/03; ;De 15 a 29 años;2;
04/03; ;De 30 a 44 años;;
04/03; ;De 45 a 64 años;;
04/03; ;De 65 a 84 años;;
04/03; ;De 85 y más años;;
05/03; ;De 0 a 14 años;;
05/03; ;De 15 a 29 años;2;
05/03; ;De 30 a 44 años;4;
05/03; ;De 45 a 64 años;1;
05/03; ;De 65 a 84 años;1;
05/03; ;De 85 y más años;;
06/03; ;De 0 a 14 años;;
06/03; ;De 15 a 29 años;5;
06/03; ;De 30 a 44 años;3;
06/03; ;De 45 a 64 años;7;
06/03; ;De 65 a 84 años;6;
06/03; ;De 85 y más años;0;
07/03; ;De 0 a 14 años;;
07/03; ;De 15 a 29 años;;
07/03; ;De 30 a 44 años;4;
07/03; ;De 45 a 64 años;3;
07/03; ;De 65 a 84 años;1;
07/03; ;De 85 y más años;;
08/03; ;De 0 a 14 años;1;
08/03; ;De 15 a 29 años;3;
08/03; ;De 30 a 44 años;7;
08/03; ;De 45 a 64 años;8;
08/03; ;De 65 a 84 años;8;
08/03; ;De 85 y más años;;
09/03; ;De 0 a 14 años;1;
09/03; ;De 15 a 29 años;8;
09/03; ;De 30 a 44 años;8;
09/03; ;De 45 a 64 años;9;
09/03; ;De 65 a 84 años;4;
09/03; ;De 85 y más años;2;
10/03; ;De 0 a 14 años;;
10/03; ;De 15 a 29 años;5;
10/03; ;De 30 a 44 años;7;
10/03; ;De 45 a 64 años;10;
10/03; ;De 65 a 84 años;6;
10/03; ;De 85 y más años;1;
11/03; ;De 0 a 14 años;0;
11/03; ;De 15 a 29 años;11;
11/03; ;De 30 a 44 años;9;
11/03; ;De 45 a 64 años;23;
11/03; ;De 65 a 84 años;11;
11/03; ;De 85 y más años;2;
12/03; ;De 0 a 14 años;1;
12/03; ;De 15 a 29 años;14;
12/03; ;De 30 a 44 años;18;
12/03; ;De 45 a 64 años;26;
12/03; ;De 65 a 84 años;21;
12/03; ;De 85 y más años;3;
13/03; ;De 0 a 14 años;1;
13/03; ;De 15 a 29 años;27;
13/03; ;De 30 a 44 años;40;
13/03; ;De 45 a 64 años;48;
13/03; ;De 65 a 84 años;41;
13/03; ;De 85 y más años;2;
14/03; ;De 0 a 14 años;1;
14/03; ;De 15 a 29 años;17;
14/03; ;De 30 a 44 años;44;
14/03; ;De 45 a 64 años;33;
14/03; ;De 65 a 84 años;23;
14/03; ;De 85 y más años;5;
15/03; ;De 0 a 14 años;2;
15/03; ;De 15 a 29 años;17;
15/03; ;De 30 a 44 años;35;
15/03; ;De 45 a 64 años;61;
15/03; ;De 65 a 84 años;44;
15/03; ;De 85 y más años;8;
16/03; ;De 0 a 14 años;;
16/03; ;De 15 a 29 años;10;
16/03; ;De 30 a 44 años;26;
16/03; ;De 45 a 64 años;56;
16/03; ;De 65 a 84 años;33;
16/03; ;De 85 y más años;4;
17/03; ;De 0 a 14 años;;
17/03; ;De 15 a 29 años;19;
17/03; ;De 30 a 44 años;44;
17/03; ;De 45 a 64 años;116;
17/03; ;De 65 a 84 años;54;
17/03; ;De 85 y más años;19;
18/03; ;De 0 a 14 años;;
18/03; ;De 15 a 29 años;25;
18/03; ;De 30 a 44 años;62;
18/03; ;De 45 a 64 años;115;
18/03; ;De 65 a 84 años;40;
18/03; ;De 85 y más años;6;
19/03; ;De 0 a 14 años;;
19/03; ;De 15 a 29 años;25;
19/03; ;De 30 a 44 años;70;
19/03; ;De 45 a 64 años;158;
19/03; ;De 65 a 84 años;75;
19/03; ;De 85 y más años;11;
20/03; ;De 0 a 14 años;;
20/03; ;De 15 a 29 años;12;
20/03; ;De 30 a 44 años;71;
20/03; ;De 45 a 64 años;150;
20/03; ;De 65 a 84 años;69;
20/03; ;De 85 y más años;16;
21/03; ;De 0 a 14 años;1;
21/03; ;De 15 a 29 años;12;
21/03; ;De 30 a 44 años;81;
21/03; ;De 45 a 64 años;144;
21/03; ;De 65 a 84 años;111;
21/03; ;De 85 y más años;33;
22/03; ;De 0 a 14 años;1;
22/03; ;De 15 a 29 años;18;
22/03; ;De 30 a 44 años;61;
22/03; ;De 45 a 64 años;170;
22/03; ;De 65 a 84 años;101;
22/03; ;De 85 y más años;16;
23/03; ;De 0 a 14 años;4;
23/03; ;De 15 a 29 años;23;
23/03; ;De 30 a 44 años;107;
23/03; ;De 45 a 64 años;231;
23/03; ;De 65 a 84 años;133;
23/03; ;De 85 y más años;57;
24/03; ;De 0 a 14 años;;
24/03; ;De 15 a 29 años;26;
24/03; ;De 30 a 44 años;97;
24/03; ;De 45 a 64 años;227;
24/03; ;De 65 a 84 años;161;
24/03; ;De 85 y más años;49;
25/03; ;De 0 a 14 años;3;
25/03; ;De 15 a 29 años;29;
25/03; ;De 30 a 44 años;118;
25/03; ;De 45 a 64 años;261;
25/03; ;De 65 a 84 años;184;
25/03; ;De 85 y más años;50;
26/03; ;De 0 a 14 años;;
26/03; ;De 15 a 29 años;23;
26/03; ;De 30 a 44 años;103;
26/03; ;De 45 a 64 años;290;
26/03; ;De 65 a 84 años;197;
26/03; ;De 85 y más años;62;
27/03; ;De 0 a 14 años;;
27/03; ;De 15 a 29 años;30;
27/03; ;De 30 a 44 años;118;
27/03; ;De 45 a 64 años;236;
27/03; ;De 65 a 84 años;209;
27/03; ;De 85 y más años;49;
28/03; ;De 0 a 14 años;1;
28/03; ;De 15 a 29 años;37;
28/03; ;De 30 a 44 años;101;
28/03; ;De 45 a 64 años;274;
28/03; ;De 65 a 84 años;161;
28/03; ;De 85 y más años;73;
29/03; ;De 0 a 14 años;;
29/03; ;De 15 a 29 años;11;
29/03; ;De 30 a 44 años;61;
29/03; ;De 45 a 64 años;147;
29/03; ;De 65 a 84 años;131;
29/03; ;De 85 y más años;54;
30/03; ;De 0 a 14 años;1;
30/03; ;De 15 a 29 años;17;
30/03; ;De 30 a 44 años;67;
30/03; ;De 45 a 64 años;217;
30/03; ;De 65 a 84 años;124;
30/03; ;De 85 y más años;54;
31/03; ;De 0 a 14 años;1;
31/03; ;De 15 a 29 años;42;
31/03; ;De 30 a 44 años;96;
31/03; ;De 45 a 64 años;192;
31/03; ;De 65 a 84 años;131;
31/03; ;De 85 y más años;50;
01/04; ;De 0 a 14 años;;
01/04; ;De 15 a 29 años;23;
01/04; ;De 30 a 44 años;87;
01/04; ;De 45 a 64 años;154;
01/04; ;De 65 a 84 años;135;
01/04; ;De 85 y más años;70;
02/04; ;De 0 a 14 años;;
02/04; ;De 15 a 29 años;20;
02/04; ;De 30 a 44 años;72;
02/04; ;De 45 a 64 años;174;
02/04; ;De 65 a 84 años;128;
02/04; ;De 85 y más años;69;
03/04; ;De 0 a 14 años;1;
03/04; ;De 15 a 29 años;18;
03/04; ;De 30 a 44 años;65;
03/04; ;De 45 a 64 años;139;
03/04; ;De 65 a 84 años;89;
03/04; ;De 85 y más años;57;
04/04; ;De 0 a 14 años;;
04/04; ;De 15 a 29 años;11;
04/04; ;De 30 a 44 años;47;
04/04; ;De 45 a 64 años;114;
04/04; ;De 65 a 84 años;114;
04/04; ;De 85 y más años;87;
05/04; ;De 0 a 14 años;;
05/04; ;De 15 a 29 años;4;
05/04; ;De 30 a 44 años;15;
05/04; ;De 45 a 64 años;49;
05/04; ;De 65 a 84 años;27;
05/04; ;De 85 y más años;20;
06/04; ;De 0 a 14 años;1;
06/04; ;De 15 a 29 años;13;
06/04; ;De 30 a 44 años;37;
06/04; ;De 45 a 64 años;74;
06/04; ;De 65 a 84 años;50;
06/04; ;De 85 y más años;35;
07/04; ;De 0 a 14 años;;
07/04; ;De 15 a 29 años;19;
07/04; ;De 30 a 44 años;42;
07/04; ;De 45 a 64 años;83;
07/04; ;De 65 a 84 años;65;
07/04; ;De 85 y más años;58;
08/04; ;De 0 a 14 años;1;
08/04; ;De 15 a 29 años;28;
08/04; ;De 30 a 44 años;50;
08/04; ;De 45 a 64 años;81;
08/04; ;De 65 a 84 años;59;
08/04; ;De 85 y más años;61;
09/04; ;De 0 a 14 años;;
09/04; ;De 15 a 29 años;13;
09/04; ;De 30 a 44 años;35;
09/04; ;De 45 a 64 años;65;
09/04; ;De 65 a 84 años;49;
09/04; ;De 85 y más años;42;
10/04; ;De 0 a 14 años;1;
10/04; ;De 15 a 29 años;17;
10/04; ;De 30 a 44 años;26;
10/04; ;De 45 a 64 años;47;
10/04; ;De 65 a 84 años;52;
10/04; ;De 85 y más años;40;
11/04; ;De 0 a 14 años;;
11/04; ;De 15 a 29 años;12;
11/04; ;De 30 a 44 años;15;
11/04; ;De 45 a 64 años;38;
11/04; ;De 65 a 84 años;45;
11/04; ;De 85 y más años;38;
12/04; ;De 0 a 14 años;;
12/04; ;De 15 a 29 años;4;
12/04; ;De 30 a 44 años;14;
12/04; ;De 45 a 64 años;18;
12/04; ;De 65 a 84 años;36;
12/04; ;De 85 y más años;25;
13/04; ;De 0 a 14 años;0;
13/04; ;De 15 a 29 años;7;
13/04; ;De 30 a 44 años;22;
13/04; ;De 45 a 64 años;46;
13/04; ;De 65 a 84 años;31;
13/04; ;De 85 y más años;31;
14/04; ;De 0 a 14 años;1;
14/04; ;De 15 a 29 años;9;
14/04; ;De 30 a 44 años;26;
14/04; ;De 45 a 64 años;44;
14/04; ;De 65 a 84 años;29;
14/04; ;De 85 y más años;22;
15/04; ;De 0 a 14 años;;
15/04; ;De 15 a 29 años;6;
15/04; ;De 30 a 44 años;19;
15/04; ;De 45 a 64 años;52;
15/04; ;De 65 a 84 años;25;
15/04; ;De 85 y más años;12;
16/04; ;De 0 a 14 años;;
16/04; ;De 15 a 29 años;14;
16/04; ;De 30 a 44 años;9;
16/04; ;De 45 a 64 años;36;
16/04; ;De 65 a 84 años;24;
16/04; ;De 85 y más años;28;
17/04; ;De 0 a 14 años;0;
17/04; ;De 15 a 29 años;3;
17/04; ;De 30 a 44 años;24;
17/04; ;De 45 a 64 años;41;
17/04; ;De 65 a 84 años;22;
17/04; ;De 85 y más años;24;
18/04; ;De 0 a 14 años;;
18/04; ;De 15 a 29 años;2;
18/04; ;De 30 a 44 años;14;
18/04; ;De 45 a 64 años;25;
18/04; ;De 65 a 84 años;14;
18/04; ;De 85 y más años;10;
19/04; ;De 0 a 14 años;;
19/04; ;De 15 a 29 años;3;
19/04; ;De 30 a 44 años;7;
19/04; ;De 45 a 64 años;14;
19/04; ;De 65 a 84 años;9;
19/04; ;De 85 y más años;11;
20/04; ;De 0 a 14 años;;
20/04; ;De 15 a 29 años;6;
20/04; ;De 30 a 44 años;12;
20/04; ;De 45 a 64 años;20;
20/04; ;De 65 a 84 años;13;
20/04; ;De 85 y más años;5;
21/04; ;De 0 a 14 años;1;
21/04; ;De 15 a 29 años;8;
21/04; ;De 30 a 44 años;12;
21/04; ;De 45 a 64 años;27;
21/04; ;De 65 a 84 años;26;
21/04; ;De 85 y más años;31;
22/04; ;De 0 a 14 años;0;
22/04; ;De 15 a 29 años;1;
22/04; ;De 30 a 44 años;12;
22/04; ;De 45 a 64 años;20;
22/04; ;De 65 a 84 años;18;
22/04; ;De 85 y más años;5;
23/04; ;De 0 a 14 años;0;
23/04; ;De 15 a 29 años;5;
23/04; ;De 30 a 44 años;15;
23/04; ;De 45 a 64 años;21;
23/04; ;De 65 a 84 años;9;
23/04; ;De 85 y más años;12;
24/04; ;De 0 a 14 años;0;
24/04; ;De 15 a 29 años;9;
24/04; ;De 30 a 44 años;19;
24/04; ;De 45 a 64 años;22;
24/04; ;De 65 a 84 años;9;
24/04; ;De 85 y más años;3;
25/04; ;De 0 a 14 años;0;
25/04; ;De 15 a 29 años;6;
25/04; ;De 30 a 44 años;7;
25/04; ;De 45 a 64 años;20;
25/04; ;De 65 a 84 años;8;
25/04; ;De 85 y más años;7;
26/04; ;De 0 a 14 años;;
26/04; ;De 15 a 29 años;1;
26/04; ;De 30 a 44 años;2;
26/04; ;De 45 a 64 años;2;
26/04; ;De 65 a 84 años;5;
26/04; ;De 85 y más años;4;
27/04; ;De 0 a 14 años;0;
27/04; ;De 15 a 29 años;5;
27/04; ;De 30 a 44 años;8;
27/04; ;De 45 a 64 años;15;
27/04; ;De 65 a 84 años;11;
27/04; ;De 85 y más años;8;
28/04; ;De 0 a 14 años;0;
28/04; ;De 15 a 29 años;0;
28/04; ;De 30 a 44 años;7;
28/04; ;De 45 a 64 años;11;
28/04; ;De 65 a 84 años;4;
28/04; ;De 85 y más años;7;
29/04; ;De 0 a 14 años;0;
29/04; ;De 15 a 29 años;6;
29/04; ;De 30 a 44 años;9;
29/04; ;De 45 a 64 años;12;
29/04; ;De 65 a 84 años;8;
29/04; ;De 85 y más años;6;
30/04; ;De 0 a 14 años;1;
30/04; ;De 15 a 29 años;6;
30/04; ;De 30 a 44 años;10;
30/04; ;De 45 a 64 años;23;
30/04; ;De 65 a 84 años;5;
30/04; ;De 85 y más años;7;
01/05; ;De 0 a 14 años;0;
01/05; ;De 15 a 29 años;4;
01/05; ;De 30 a 44 años;7;
01/05; ;De 45 a 64 años;13;
01/05; ;De 65 a 84 años;5;
01/05; ;De 85 y más años;8;
02/05; ;De 0 a 14 años;0;
02/05; ;De 15 a 29 años;2;
02/05; ;De 30 a 44 años;5;
02/05; ;De 45 a 64 años;11;
02/05; ;De 65 a 84 años;7;
02/05; ;De 85 y más años;0;
03/05; ;De 0 a 14 años;;
03/05; ;De 15 a 29 años;0;
03/05; ;De 30 a 44 años;0;
03/05; ;De 45 a 64 años;4;
03/05; ;De 65 a 84 años;2;
03/05; ;De 85 y más años;;
04/05; ;De 0 a 14 años;0;
04/05; ;De 15 a 29 años;2;
04/05; ;De 30 a 44 años;4;
04/05; ;De 45 a 64 años;4;
04/05; ;De 65 a 84 años;4;
04/05; ;De 85 y más años;2;
05/05; ;De 0 a 14 años;1;
05/05; ;De 15 a 29 años;5;
05/05; ;De 30 a 44 años;5;
05/05; ;De 45 a 64 años;17;
05/05; ;De 65 a 84 años;12;
05/05; ;De 85 y más años;9;
06/05; ;De 0 a 14 años;2;
06/05; ;De 15 a 29 años;1;
06/05; ;De 30 a 44 años;3;
06/05; ;De 45 a 64 años;10;
06/05; ;De 65 a 84 años;3;
06/05; ;De 85 y más años;3;
07/05; ;De 0 a 14 años;1;
07/05; ;De 15 a 29 años;4;
07/05; ;De 30 a 44 años;4;
07/05; ;De 45 a 64 años;5;
07/05; ;De 65 a 84 años;3;
07/05; ;De 85 y más años;1;
08/05; ;De 0 a 14 años;1;
08/05; ;De 15 a 29 años;1;
08/05; ;De 30 a 44 años;8;
08/05; ;De 45 a 64 años;7;
08/05; ;De 65 a 84 años;5;
08/05; ;De 85 y más años;1;
09/05; ;De 0 a 14 años;;
09/05; ;De 15 a 29 años;3;
09/05; ;De 30 a 44 años;4;
09/05; ;De 45 a 64 años;3;
09/05; ;De 65 a 84 años;2;
09/05; ;De 85 y más años;4;
10/05; ;De 0 a 14 años;0;
10/05; ;De 15 a 29 años;1;
10/05; ;De 30 a 44 años;3;
10/05; ;De 45 a 64 años;5;
10/05; ;De 65 a 84 años;2;
10/05; ;De 85 y más años;2;
11/05; ;De 0 a 14 años;0;
11/05; ;De 15 a 29 años;3;
11/05; ;De 30 a 44 años;5;
11/05; ;De 45 a 64 años;10;
11/05; ;De 65 a 84 años;5;
11/05; ;De 85 y más años;;
12/05; ;De 0 a 14 años;1;
12/05; ;De 15 a 29 años;4;
12/05; ;De 30 a 44 años;3;
12/05; ;De 45 a 64 años;5;
12/05; ;De 65 a 84 años;3;
12/05; ;De 85 y más años;4;
13/05; ;De 0 a 14 años;0;
13/05; ;De 15 a 29 años;2;
13/05; ;De 30 a 44 años;3;
13/05; ;De 45 a 64 años;8;
13/05; ;De 65 a 84 años;3;
13/05; ;De 85 y más años;1;
14/05; ;De 0 a 14 años;0;
14/05; ;De 15 a 29 años;4;
14/05; ;De 30 a 44 años;2;
14/05; ;De 45 a 64 años;4;
14/05; ;De 65 a 84 años;2;
14/05; ;De 85 y más años;1;
15/05; ;De 0 a 14 años;1;
15/05; ;De 15 a 29 años;5;
15/05; ;De 30 a 44 años;9;
15/05; ;De 45 a 64 años;13;
15/05; ;De 65 a 84 años;3;
15/05; ;De 85 y más años;3;
16/05; ;De 0 a 14 años;;
16/05; ;De 15 a 29 años;2;
16/05; ;De 30 a 44 años;0;
16/05; ;De 45 a 64 años;3;
16/05; ;De 65 a 84 años;1;
16/05; ;De 85 y más años;2;
17/05; ;De 0 a 14 años;;
17/05; ;De 15 a 29 años;0;
17/05; ;De 30 a 44 años;1;
17/05; ;De 45 a 64 años;4;
17/05; ;De 65 a 84 años;1;
17/05; ;De 85 y más años;0;
18/05; ;De 0 a 14 años;0;
18/05; ;De 15 a 29 años;0;
18/05; ;De 30 a 44 años;6;
18/05; ;De 45 a 64 años;7;
18/05; ;De 65 a 84 años;2;
18/05; ;De 85 y más años;1;
19/05; ;De 0 a 14 años;;
19/05; ;De 15 a 29 años;2;
19/05; ;De 30 a 44 años;5;
19/05; ;De 45 a 64 años;7;
19/05; ;De 65 a 84 años;2;
19/05; ;De 85 y más años;0;
20/05; ;De 0 a 14 años;2;
20/05; ;De 15 a 29 años;2;
20/05; ;De 30 a 44 años;7;
20/05; ;De 45 a 64 años;7;
20/05; ;De 65 a 84 años;10;
20/05; ;De 85 y más años;1;
21/05; ;De 0 a 14 años;1;
21/05; ;De 15 a 29 años;2;
21/05; ;De 30 a 44 años;2;
21/05; ;De 45 a 64 años;4;
21/05; ;De 65 a 84 años;2;
21/05; ;De 85 y más años;1;
22/05; ;De 0 a 14 años;1;
22/05; ;De 15 a 29 años;3;
22/05; ;De 30 a 44 años;3;
22/05; ;De 45 a 64 años;2;
22/05; ;De 65 a 84 años;3;
22/05; ;De 85 y más años;1;
23/05; ;De 0 a 14 años;;
23/05; ;De 15 a 29 años;4;
23/05; ;De 30 a 44 años;1;
23/05; ;De 45 a 64 años;2;
23/05; ;De 65 a 84 años;;
23/05; ;De 85 y más años;;
24/05; ;De 0 a 14 años;;
24/05; ;De 15 a 29 años;1;
24/05; ;De 30 a 44 años;1;
24/05; ;De 45 a 64 años;0;
24/05; ;De 65 a 84 años;1;
24/05; ;De 85 y más años;;
25/05; ;De 0 a 14 años;0;
25/05; ;De 15 a 29 años;2;
25/05; ;De 30 a 44 años;2;
25/05; ;De 45 a 64 años;4;
25/05; ;De 65 a 84 años;0;
25/05; ;De 85 y más años;;
26/05; ;De 0 a 14 años;1;
26/05; ;De 15 a 29 años;2;
26/05; ;De 30 a 44 años;0;
26/05; ;De 45 a 64 años;2;
26/05; ;De 65 a 84 años;1;
26/05; ;De 85 y más años;1;
27/05; ;De 0 a 14 años;;
27/05; ;De 15 a 29 años;3;
27/05; ;De 30 a 44 años;5;
27/05; ;De 45 a 64 años;5;
27/05; ;De 65 a 84 años;1;
27/05; ;De 85 y más años;;
28/05; ;De 0 a 14 años;;
28/05; ;De 15 a 29 años;1;
28/05; ;De 30 a 44 años;5;
28/05; ;De 45 a 64 años;3;
28/05; ;De 65 a 84 años;4;
28/05; ;De 85 y más años;;
29/05; ;De 0 a 14 años;2;
29/05; ;De 15 a 29 años;4;
29/05; ;De 30 a 44 años;4;
29/05; ;De 45 a 64 años;1;
29/05; ;De 65 a 84 años;2;
29/05; ;De 85 y más años;1;
30/05; ;De 0 a 14 años;2;
30/05; ;De 15 a 29 años;5;
30/05; ;De 30 a 44 años;2;
30/05; ;De 45 a 64 años;1;
30/05; ;De 65 a 84 años;1;
30/05; ;De 85 y más años;3;
31/05; ;De 0 a 14 años;1;
31/05; ;De 15 a 29 años;4;
31/05; ;De 30 a 44 años;3;
31/05; ;De 45 a 64 años;;
31/05; ;De 65 a 84 años;1;
31/05; ;De 85 y más años;1;
01/06; ;De 0 a 14 años;;
01/06; ;De 15 a 29 años;2;
01/06; ;De 30 a 44 años;7;
01/06; ;De 45 a 64 años;6;
01/06; ;De 65 a 84 años;3;
01/06; ;De 85 y más años;1;
02/06; ;De 0 a 14 años;;
02/06; ;De 15 a 29 años;3;
02/06; ;De 30 a 44 años;3;
02/06; ;De 45 a 64 años;4;
02/06; ;De 65 a 84 años;3;
02/06; ;De 85 y más años;;
03/06; ;De 0 a 14 años;;
03/06; ;De 15 a 29 años;2;
03/06; ;De 30 a 44 años;7;
03/06; ;De 45 a 64 años;3;
03/06; ;De 65 a 84 años;3;
03/06; ;De 85 y más años;2;
04/06; ;De 0 a 14 años;1;
04/06; ;De 15 a 29 años;2;
04/06; ;De 30 a 44 años;3;
04/06; ;De 45 a 64 años;6;
04/06; ;De 65 a 84 años;1;
04/06; ;De 85 y más años;;
05/06; ;De 0 a 14 años;;
05/06; ;De 15 a 29 años;6;
05/06; ;De 30 a 44 años;5;
05/06; ;De 45 a 64 años;2;
05/06; ;De 65 a 84 años;1;
05/06; ;De 85 y más años;1;
06/06; ;De 0 a 14 años;;
06/06; ;De 15 a 29 años;2;
06/06; ;De 30 a 44 años;3;
06/06; ;De 45 a 64 años;3;
06/06; ;De 65 a 84 años;2;
06/06; ;De 85 y más años;;
07/06; ;De 0 a 14 años;;
07/06; ;De 15 a 29 años;;
07/06; ;De 30 a 44 años;1;
07/06; ;De 45 a 64 años;2;
07/06; ;De 65 a 84 años;1;
07/06; ;De 85 y más años;;
08/06; ;De 0 a 14 años;;
08/06; ;De 15 a 29 años;3;
08/06; ;De 30 a 44 años;1;
08/06; ;De 45 a 64 años;1;
08/06; ;De 65 a 84 años;;
08/06; ;De 85 y más años;;
09/06; ;De 0 a 14 años;;
09/06; ;De 15 a 29 años;2;
09/06; ;De 30 a 44 años;2;
09/06; ;De 45 a 64 años;3;
09/06; ;De 65 a 84 años;1;
09/06; ;De 85 y más años;;
10/06; ;De 0 a 14 años;;
10/06; ;De 15 a 29 años;1;
10/06; ;De 30 a 44 años;1;
10/06; ;De 45 a 64 años;1;
10/06; ;De 65 a 84 años;0;
10/06; ;De 85 y más años;1;
11/06; ;De 0 a 14 años;;
11/06; ;De 15 a 29 años;2;
11/06; ;De 30 a 44 años;2;
11/06; ;De 45 a 64 años;3;
11/06; ;De 65 a 84 años;;
11/06; ;De 85 y más años;;
12/06; ;De 0 a 14 años;;
12/06; ;De 15 a 29 años;2;
12/06; ;De 30 a 44 años;1;
12/06; ;De 45 a 64 años;1;
12/06; ;De 65 a 84 años;;
12/06; ;De 85 y más años;;
13/06; ;De 0 a 14 años;1;
13/06; ;De 15 a 29 años;1;
13/06; ;De 30 a 44 años;1;
13/06; ;De 45 a 64 años;1;
13/06; ;De 65 a 84 años;;
13/06; ;De 85 y más años;1;
14/06; ;De 0 a 14 años;;
14/06; ;De 15 a 29 años;1;
14/06; ;De 30 a 44 años;;
14/06; ;De 45 a 64 años;;
14/06; ;De 65 a 84 años;;
14/06; ;De 85 y más años;;
15/06; ;De 0 a 14 años;;
15/06; ;De 15 a 29 años;;
15/06; ;De 30 a 44 años;2;
15/06; ;De 45 a 64 años;0;
15/06; ;De 65 a 84 años;;
15/06; ;De 85 y más años;;
16/06; ;De 0 a 14 años;;
16/06; ;De 15 a 29 años;0;
16/06; ;De 30 a 44 años;2;
16/06; ;De 45 a 64 años;0;
16/06; ;De 65 a 84 años;4;
16/06; ;De 85 y más años;;
17/06; ;De 0 a 14 años;;
17/06; ;De 15 a 29 años;2;
17/06; ;De 30 a 44 años;1;
17/06; ;De 45 a 64 años;2;
17/06; ;De 65 a 84 años;2;
17/06; ;De 85 y más años;;
18/06; ;De 0 a 14 años;;
18/06; ;De 15 a 29 años;15;
18/06; ;De 30 a 44 años;4;
18/06; ;De 45 a 64 años;3;
18/06; ;De 65 a 84 años;1;
18/06; ;De 85 y más años;;
19/06; ;De 0 a 14 años;1;
19/06; ;De 15 a 29 años;3;
19/06; ;De 30 a 44 años;1;
19/06; ;De 45 a 64 años;1;
19/06; ;De 65 a 84 años;2;
19/06; ;De 85 y más años;;
20/06; ;De 0 a 14 años;1;
20/06; ;De 15 a 29 años;4;
20/06; ;De 30 a 44 años;3;
20/06; ;De 45 a 64 años;3;
20/06; ;De 65 a 84 años;;
20/06; ;De 85 y más años;2;
21/06; ;De 0 a 14 años;;
21/06; ;De 15 a 29 años;;
21/06; ;De 30 a 44 años;2;
21/06; ;De 45 a 64 años;;
21/06; ;De 65 a 84 años;;
21/06; ;De 85 y más años;;
22/06; ;De 0 a 14 años;;
22/06; ;De 15 a 29 años;2;
22/06; ;De 30 a 44 años;;
22/06; ;De 45 a 64 años;1;
22/06; ;De 65 a 84 años;2;
22/06; ;De 85 y más años;;
23/06; ;De 0 a 14 años;5;
23/06; ;De 15 a 29 años;8;
23/06; ;De 30 a 44 años;11;
23/06; ;De 45 a 64 años;4;
23/06; ;De 65 a 84 años;0;
23/06; ;De 85 y más años;;
24/06; ;De 0 a 14 años;9;
24/06; ;De 15 a 29 años;44;
24/06; ;De 30 a 44 años;26;
24/06; ;De 45 a 64 años;9;
24/06; ;De 65 a 84 años;2;
24/06; ;De 85 y más años;2;
25/06; ;De 0 a 14 años;3;
25/06; ;De 15 a 29 años;3;
25/06; ;De 30 a 44 años;4;
25/06; ;De 45 a 64 años;6;
25/06; ;De 65 a 84 años;;
25/06; ;De 85 y más años;;
26/06; ;De 0 a 14 años;1;
26/06; ;De 15 a 29 años;4;
26/06; ;De 30 a 44 años;9;
26/06; ;De 45 a 64 años;7;
26/06; ;De 65 a 84 años;1;
26/06; ;De 85 y más años;;
27/06; ;De 0 a 14 años;;
27/06; ;De 15 a 29 años;7;
27/06; ;De 30 a 44 años;5;
27/06; ;De 45 a 64 años;3;
27/06; ;De 65 a 84 años;1;
27/06; ;De 85 y más años;;
28/06; ;De 0 a 14 años;8;
28/06; ;De 15 a 29 años;7;
28/06; ;De 30 a 44 años;10;
28/06; ;De 45 a 64 años;7;
28/06; ;De 65 a 84 años;3;
28/06; ;De 85 y más años;;
29/06; ;De 0 a 14 años;2;
29/06; ;De 15 a 29 años;1;
29/06; ;De 30 a 44 años;;
29/06; ;De 45 a 64 años;12;
29/06; ;De 65 a 84 años;;
29/06; ;De 85 y más años;;
30/06; ;De 0 a 14 años;2;
30/06; ;De 15 a 29 años;9;
30/06; ;De 30 a 44 años;4;
30/06; ;De 45 a 64 años;9;
30/06; ;De 65 a 84 años;;
30/06; ;De 85 y más años;2;
01/07; ;De 0 a 14 años;2;
01/07; ;De 15 a 29 años;4;
01/07; ;De 30 a 44 años;5;
01/07; ;De 45 a 64 años;6;
01/07; ;De 65 a 84 años;2;
01/07; ;De 85 y más años;;
02/07; ;De 0 a 14 años;0;
02/07; ;De 15 a 29 años;3;
02/07; ;De 30 a 44 años;3;
02/07; ;De 45 a 64 años;4;
02/07; ;De 65 a 84 años;1;
02/07; ;De 85 y más años;1;
03/07; ;De 0 a 14 años;3;
03/07; ;De 15 a 29 años;4;
03/07; ;De 30 a 44 años;6;
03/07; ;De 45 a 64 años;7;
03/07; ;De 65 a 84 años;2;
03/07; ;De 85 y más años;1;
04/07; ;De 0 a 14 años;;
04/07; ;De 15 a 29 años;5;
04/07; ;De 30 a 44 años;6;
04/07; ;De 45 a 64 años;5;
04/07; ;De 65 a 84 años;1;
04/07; ;De 85 y más años;1;
05/07; ;De 0 a 14 años;;
05/07; ;De 15 a 29 años;3;
05/07; ;De 30 a 44 años;2;
05/07; ;De 45 a 64 años;5;
05/07; ;De 65 a 84 años;1;
05/07; ;De 85 y más años;1;
06/07; ;De 0 a 14 años;1;
06/07; ;De 15 a 29 años;2;
06/07; ;De 30 a 44 años;2;
06/07; ;De 45 a 64 años;6;
06/07; ;De 65 a 84 años;;
06/07; ;De 85 y más años;;
07/07; ;De 0 a 14 años;6;
07/07; ;De 15 a 29 años;8;
07/07; ;De 30 a 44 años;11;
07/07; ;De 45 a 64 años;7;
07/07; ;De 65 a 84 años;3;
07/07; ;De 85 y más años;2;
08/07; ;De 0 a 14 años;3;
08/07; ;De 15 a 29 años;11;
08/07; ;De 30 a 44 años;17;
08/07; ;De 45 a 64 años;17;
08/07; ;De 65 a 84 años;4;
08/07; ;De 85 y más años;;
09/07; ;De 0 a 14 años;5;
09/07; ;De 15 a 29 años;6;
09/07; ;De 30 a 44 años;15;
09/07; ;De 45 a 64 años;7;
09/07; ;De 65 a 84 años;8;
09/07; ;De 85 y más años;;
10/07; ;De 0 a 14 años;7;
10/07; ;De 15 a 29 años;11;
10/07; ;De 30 a 44 años;19;
10/07; ;De 45 a 64 años;10;
10/07; ;De 65 a 84 años;3;
10/07; ;De 85 y más años;1;
11/07; ;De 0 a 14 años;3;
11/07; ;De 15 a 29 años;12;
11/07; ;De 30 a 44 años;9;
11/07; ;De 45 a 64 años;17;
11/07; ;De 65 a 84 años;2;
11/07; ;De 85 y más años;;
12/07; ;De 0 a 14 años;4;
12/07; ;De 15 a 29 años;3;
12/07; ;De 30 a 44 años;6;
12/07; ;De 45 a 64 años;6;
12/07; ;De 65 a 84 años;;
12/07; ;De 85 y más años;;
13/07; ;De 0 a 14 años;3;
13/07; ;De 15 a 29 años;7;
13/07; ;De 30 a 44 años;8;
13/07; ;De 45 a 64 años;7;
13/07; ;De 65 a 84 años;4;
13/07; ;De 85 y más años;1;
14/07; ;De 0 a 14 años;8;
14/07; ;De 15 a 29 años;17;
14/07; ;De 30 a 44 años;34;
14/07; ;De 45 a 64 años;20;
14/07; ;De 65 a 84 años;5;
14/07; ;De 85 y más años;1;
15/07; ;De 0 a 14 años;4;
15/07; ;De 15 a 29 años;7;
15/07; ;De 30 a 44 años;23;
15/07; ;De 45 a 64 años;9;
15/07; ;De 65 a 84 años;2;
15/07; ;De 85 y más años;1;
16/07; ;De 0 a 14 años;3;
16/07; ;De 15 a 29 años;17;
16/07; ;De 30 a 44 años;14;
16/07; ;De 45 a 64 años;23;
16/07; ;De 65 a 84 años;4;
16/07; ;De 85 y más años;1;
17/07; ;De 0 a 14 años;8;
17/07; ;De 15 a 29 años;50;
17/07; ;De 30 a 44 años;27;
17/07; ;De 45 a 64 años;20;
17/07; ;De 65 a 84 años;7;
17/07; ;De 85 y más años;2;
18/07; ;De 0 a 14 años;7;
18/07; ;De 15 a 29 años;47;
18/07; ;De 30 a 44 años;25;
18/07; ;De 45 a 64 años;16;
18/07; ;De 65 a 84 años;8;
18/07; ;De 85 y más años;1;
19/07; ;De 0 a 14 años;10;
19/07; ;De 15 a 29 años;33;
19/07; ;De 30 a 44 años;33;
19/07; ;De 45 a 64 años;10;
19/07; ;De 65 a 84 años;2;
19/07; ;De 85 y más años;;
20/07; ;De 0 a 14 años;14;
20/07; ;De 15 a 29 años;32;
20/07; ;De 30 a 44 años;31;
20/07; ;De 45 a 64 años;18;
20/07; ;De 65 a 84 años;2;
20/07; ;De 85 y más años;1;
21/07; ;De 0 a 14 años;7;
21/07; ;De 15 a 29 años;14;
21/07; ;De 30 a 44 años;17;
21/07; ;De 45 a 64 años;14;
21/07; ;De 65 a 84 años;2;
21/07; ;De 85 y más años;2;
22/07; ;De 0 a 14 años;4;
22/07; ;De 15 a 29 años;23;
22/07; ;De 30 a 44 años;23;
22/07; ;De 45 a 64 años;25;
22/07; ;De 65 a 84 años;6;
22/07; ;De 85 y más años;0;
23/07; ;De 0 a 14 años;22;
23/07; ;De 15 a 29 años;31;
23/07; ;De 30 a 44 años;31;
23/07; ;De 45 a 64 años;20;
23/07; ;De 65 a 84 años;5;
23/07; ;De 85 y más años;;
24/07; ;De 0 a 14 años;23;
24/07; ;De 15 a 29 años;27;
24/07; ;De 30 a 44 años;46;
24/07; ;De 45 a 64 años;34;
24/07; ;De 65 a 84 años;3;
24/07; ;De 85 y más años;;
25/07; ;De 0 a 14 años;14;
25/07; ;De 15 a 29 años;25;
25/07; ;De 30 a 44 años;33;
25/07; ;De 45 a 64 años;23;
25/07; ;De 65 a 84 años;5;
25/07; ;De 85 y más años;1;
26/07; ;De 0 a 14 años;10;
26/07; ;De 15 a 29 años;16;
26/07; ;De 30 a 44 años;19;
26/07; ;De 45 a 64 años;16;
26/07; ;De 65 a 84 años;1;
26/07; ;De 85 y más años;;
27/07; ;De 0 a 14 años;13;
27/07; ;De 15 a 29 años;30;
27/07; ;De 30 a 44 años;27;
27/07; ;De 45 a 64 años;11;
27/07; ;De 65 a 84 años;7;
27/07; ;De 85 y más años;;
28/07; ;De 0 a 14 años;6;
28/07; ;De 15 a 29 años;36;
28/07; ;De 30 a 44 años;35;
28/07; ;De 45 a 64 años;28;
28/07; ;De 65 a 84 años;3;
28/07; ;De 85 y más años;;
29/07; ;De 0 a 14 años;8;
29/07; ;De 15 a 29 años;58;
29/07; ;De 30 a 44 años;44;
29/07; ;De 45 a 64 años;31;
29/07; ;De 65 a 84 años;6;
29/07; ;De 85 y más años;1;
30/07; ;De 0 a 14 años;19;
30/07; ;De 15 a 29 años;83;
30/07; ;De 30 a 44 años;54;
30/07; ;De 45 a 64 años;35;
30/07; ;De 65 a 84 años;6;
30/07; ;De 85 y más años;3;
31/07; ;De 0 a 14 años;15;
31/07; ;De 15 a 29 años;77;
31/07; ;De 30 a 44 años;77;
31/07; ;De 45 a 64 años;52;
31/07; ;De 65 a 84 años;19;
31/07; ;De 85 y más años;4;
01/08; ;De 0 a 14 años;15;
01/08; ;De 15 a 29 años;75;
01/08; ;De 30 a 44 años;54;
01/08; ;De 45 a 64 años;37;
01/08; ;De 65 a 84 años;8;
01/08; ;De 85 y más años;3;
02/08; ;De 0 a 14 años;13;
02/08; ;De 15 a 29 años;59;
02/08; ;De 30 a 44 años;63;
02/08; ;De 45 a 64 años;20;
02/08; ;De 65 a 84 años;5;
02/08; ;De 85 y más años;2;
03/08; ;De 0 a 14 años;20;
03/08; ;De 15 a 29 años;69;
03/08; ;De 30 a 44 años;53;
03/08; ;De 45 a 64 años;34;
03/08; ;De 65 a 84 años;14;
03/08; ;De 85 y más años;1;
04/08; ;De 0 a 14 años;12;
04/08; ;De 15 a 29 años;83;
04/08; ;De 30 a 44 años;66;
04/08; ;De 45 a 64 años;51;
04/08; ;De 65 a 84 años;20;
04/08; ;De 85 y más años;1;
05/08; ;De 0 a 14 años;24;
05/08; ;De 15 a 29 años;108;
05/08; ;De 30 a 44 años;102;
05/08; ;De 45 a 64 años;69;
05/08; ;De 65 a 84 años;13;
05/08; ;De 85 y más años;8;
06/08; ;De 0 a 14 años;34;
06/08; ;De 15 a 29 años;93;
06/08; ;De 30 a 44 años;96;
06/08; ;De 45 a 64 años;73;
06/08; ;De 65 a 84 años;21;
06/08; ;De 85 y más años;5;
07/08; ;De 0 a 14 años;31;
07/08; ;De 15 a 29 años;123;
07/08; ;De 30 a 44 años;105;
07/08; ;De 45 a 64 años;79;
07/08; ;De 65 a 84 años;20;
07/08; ;De 85 y más años;4;
08/08; ;De 0 a 14 años;39;
08/08; ;De 15 a 29 años;116;
08/08; ;De 30 a 44 años;97;
08/08; ;De 45 a 64 años;63;
08/08; ;De 65 a 84 años;20;
08/08; ;De 85 y más años;6;
09/08; ;De 0 a 14 años;18;
09/08; ;De 15 a 29 años;93;
09/08; ;De 30 a 44 años;64;
09/08; ;De 45 a 64 años;59;
09/08; ;De 65 a 84 años;21;
09/08; ;De 85 y más años;2;
10/08; ;De 0 a 14 años;23;
10/08; ;De 15 a 29 años;99;
10/08; ;De 30 a 44 años;69;
10/08; ;De 45 a 64 años;49;
10/08; ;De 65 a 84 años;18;
10/08; ;De 85 y más años;2;
11/08; ;De 0 a 14 años;49;
11/08; ;De 15 a 29 años;135;
11/08; ;De 30 a 44 años;131;
11/08; ;De 45 a 64 años;110;
11/08; ;De 65 a 84 años;24;
11/08; ;De 85 y más años;5;
12/08; ;De 0 a 14 años;44;
12/08; ;De 15 a 29 años;186;
12/08; ;De 30 a 44 años;157;
12/08; ;De 45 a 64 años;122;
12/08; ;De 65 a 84 años;35;
12/08; ;De 85 y más años;9;
13/08; ;De 0 a 14 años;37;
13/08; ;De 15 a 29 años;163;
13/08; ;De 30 a 44 años;162;
13/08; ;De 45 a 64 años;125;
13/08; ;De 65 a 84 años;58;
13/08; ;De 85 y más años;37;
14/08; ;De 0 a 14 años;55;
14/08; ;De 15 a 29 años;223;
14/08; ;De 30 a 44 años;198;
14/08; ;De 45 a 64 años;159;
14/08; ;De 65 a 84 años;39;
14/08; ;De 85 y más años;9;
15/08; ;De 0 a 14 años;48;
15/08; ;De 15 a 29 años;193;
15/08; ;De 30 a 44 años;176;
15/08; ;De 45 a 64 años;118;
15/08; ;De 65 a 84 años;41;
15/08; ;De 85 y más años;7;
16/08; ;De 0 a 14 años;39;
16/08; ;De 15 a 29 años;117;
16/08; ;De 30 a 44 años;118;
16/08; ;De 45 a 64 años;74;
16/08; ;De 65 a 84 años;38;
16/08; ;De 85 y más años;13;
17/08; ;De 0 a 14 años;46;
17/08; ;De 15 a 29 años;154;
17/08; ;De 30 a 44 años;166;
17/08; ;De 45 a 64 años;118;
17/08; ;De 65 a 84 años;37;
17/08; ;De 85 y más años;5;
18/08; ;De 0 a 14 años;57;
18/08; ;De 15 a 29 años;202;
18/08; ;De 30 a 44 años;158;
18/08; ;De 45 a 64 años;164;
18/08; ;De 65 a 84 años;43;
18/08; ;De 85 y más años;17;
19/08; ;De 0 a 14 años;58;
19/08; ;De 15 a 29 años;210;
19/08; ;De 30 a 44 años;209;
19/08; ;De 45 a 64 años;180;
19/08; ;De 65 a 84 años;56;
19/08; ;De 85 y más años;5;
20/08; ;De 0 a 14 años;50;
20/08; ;De 15 a 29 años;238;
20/08; ;De 30 a 44 años;201;
20/08; ;De 45 a 64 años;182;
20/08; ;De 65 a 84 años;54;
20/08; ;De 85 y más años;9;
21/08; ;De 0 a 14 años;66;
21/08; ;De 15 a 29 años;226;
21/08; ;De 30 a 44 años;230;
21/08; ;De 45 a 64 años;180;
21/08; ;De 65 a 84 años;49;
21/08; ;De 85 y más años;9;
22/08; ;De 0 a 14 años;59;
22/08; ;De 15 a 29 años;214;
22/08; ;De 30 a 44 años;212;
22/08; ;De 45 a 64 años;172;
22/08; ;De 65 a 84 años;52;
22/08; ;De 85 y más años;4;
23/08; ;De 0 a 14 años;70;
23/08; ;De 15 a 29 años;174;
23/08; ;De 30 a 44 años;180;
23/08; ;De 45 a 64 años;195;
23/08; ;De 65 a 84 años;63;
23/08; ;De 85 y más años;12;
24/08; ;De 0 a 14 años;53;
24/08; ;De 15 a 29 años;164;
24/08; ;De 30 a 44 años;163;
24/08; ;De 45 a 64 años;152;
24/08; ;De 65 a 84 años;54;
24/08; ;De 85 y más años;13;
25/08; ;De 0 a 14 años;66;
25/08; ;De 15 a 29 años;200;
25/08; ;De 30 a 44 años;240;
25/08; ;De 45 a 64 años;218;
25/08; ;De 65 a 84 años;66;
25/08; ;De 85 y más años;19;
26/08; ;De 0 a 14 años;85;
26/08; ;De 15 a 29 años;281;
26/08; ;De 30 a 44 años;308;
26/08; ;De 45 a 64 años;255;
26/08; ;De 65 a 84 años;81;
26/08; ;De 85 y más años;11;
27/08; ;De 0 a 14 años;99;
27/08; ;De 15 a 29 años;275;
27/08; ;De 30 a 44 años;286;
27/08; ;De 45 a 64 años;248;
27/08; ;De 65 a 84 años;90;
27/08; ;De 85 y más años;26;
28/08; ;De 0 a 14 años;82;
28/08; ;De 15 a 29 años;282;
28/08; ;De 30 a 44 años;304;
28/08; ;De 45 a 64 años;270;
28/08; ;De 65 a 84 años;97;
28/08; ;De 85 y más años;23;
29/08; ;De 0 a 14 años;66;
29/08; ;De 15 a 29 años;209;
29/08; ;De 30 a 44 años;271;
29/08; ;De 45 a 64 años;237;
29/08; ;De 65 a 84 años;83;
29/08; ;De 85 y más años;19;
30/08; ;De 0 a 14 años;77;
30/08; ;De 15 a 29 años;171;
30/08; ;De 30 a 44 años;204;
30/08; ;De 45 a 64 años;227;
30/08; ;De 65 a 84 años;87;
30/08; ;De 85 y más años;16;
31/08; ;De 0 a 14 años;83;
31/08; ;De 15 a 29 años;182;
31/08; ;De 30 a 44 años;252;
31/08; ;De 45 a 64 años;246;
31/08; ;De 65 a 84 años;104;
31/08; ;De 85 y más años;19;
01/09; ;De 0 a 14 años;95;
01/09; ;De 15 a 29 años;203;
01/09; ;De 30 a 44 años;280;
01/09; ;De 45 a 64 años;254;
01/09; ;De 65 a 84 años;96;
01/09; ;De 85 y más años;19;
02/09; ;De 0 a 14 años;102;
02/09; ;De 15 a 29 años;250;
02/09; ;De 30 a 44 años;276;
02/09; ;De 45 a 64 años;307;
02/09; ;De 65 a 84 años;121;
02/09; ;De 85 y más años;17;
03/09; ;De 0 a 14 años;113;
03/09; ;De 15 a 29 años;197;
03/09; ;De 30 a 44 años;248;
03/09; ;De 45 a 64 años;258;
03/09; ;De 65 a 84 años;113;
03/09; ;De 85 y más años;20;
04/09; ;De 0 a 14 años;122;
04/09; ;De 15 a 29 años;299;
04/09; ;De 30 a 44 años;371;
04/09; ;De 45 a 64 años;337;
04/09; ;De 65 a 84 años;170;
04/09; ;De 85 y más años;41;
05/09; ;De 0 a 14 años;126;
05/09; ;De 15 a 29 años;198;
05/09; ;De 30 a 44 años;219;
05/09; ;De 45 a 64 años;280;
05/09; ;De 65 a 84 años;121;
05/09; ;De 85 y más años;31;
06/09; ;De 0 a 14 años;68;
06/09; ;De 15 a 29 años;149;
06/09; ;De 30 a 44 años;197;
06/09; ;De 45 a 64 años;185;
06/09; ;De 65 a 84 años;126;
06/09; ;De 85 y más años;66;
07/09; ;De 0 a 14 años;73;
07/09; ;De 15 a 29 años;133;
07/09; ;De 30 a 44 años;190;
07/09; ;De 45 a 64 años;218;
07/09; ;De 65 a 84 años;95;
07/09; ;De 85 y más años;26;
08/09; ;De 0 a 14 años;82;
08/09; ;De 15 a 29 años;187;
08/09; ;De 30 a 44 años;254;
08/09; ;De 45 a 64 años;275;
08/09; ;De 65 a 84 años;113;
08/09; ;De 85 y más años;29;
09/09; ;De 0 a 14 años;121;
09/09; ;De 15 a 29 años;270;
09/09; ;De 30 a 44 años;324;
09/09; ;De 45 a 64 años;394;
09/09; ;De 65 a 84 años;149;
09/09; ;De 85 y más años;21;
10/09; ;De 0 a 14 años;164;
10/09; ;De 15 a 29 años;240;
10/09; ;De 30 a 44 años;262;
10/09; ;De 45 a 64 años;305;
10/09; ;De 65 a 84 años;155;
10/09; ;De 85 y más años;47;
11/09; ;De 0 a 14 años;165;
11/09; ;De 15 a 29 años;255;
11/09; ;De 30 a 44 años;344;
11/09; ;De 45 a 64 años;398;
11/09; ;De 65 a 84 años;219;
11/09; ;De 85 y más años;74;
12/09; ;De 0 a 14 años;113;
12/09; ;De 15 a 29 años;183;
12/09; ;De 30 a 44 años;226;
12/09; ;De 45 a 64 años;242;
12/09; ;De 65 a 84 años;120;
12/09; ;De 85 y más años;26;
13/09; ;De 0 a 14 años;90;
13/09; ;De 15 a 29 años;139;
13/09; ;De 30 a 44 años;187;
13/09; ;De 45 a 64 años;220;
13/09; ;De 65 a 84 años;87;
13/09; ;De 85 y más años;19;
14/09; ;De 0 a 14 años;69;
14/09; ;De 15 a 29 años;123;
14/09; ;De 30 a 44 años;174;
14/09; ;De 45 a 64 años;196;
14/09; ;De 65 a 84 años;104;
14/09; ;De 85 y más años;41;
15/09; ;De 0 a 14 años;116;
15/09; ;De 15 a 29 años;188;
15/09; ;De 30 a 44 años;256;
15/09; ;De 45 a 64 años;314;
15/09; ;De 65 a 84 años;132;
15/09; ;De 85 y más años;34;
16/09; ;De 0 a 14 años;136;
16/09; ;De 15 a 29 años;240;
16/09; ;De 30 a 44 años;332;
16/09; ;De 45 a 64 años;409;
16/09; ;De 65 a 84 años;164;
16/09; ;De 85 y más años;60;
17/09; ;De 0 a 14 años;163;
17/09; ;De 15 a 29 años;298;
17/09; ;De 30 a 44 años;322;
17/09; ;De 45 a 64 años;312;
17/09; ;De 65 a 84 años;140;
17/09; ;De 85 y más años;18;
18/09; ;De 0 a 14 años;199;
18/09; ;De 15 a 29 años;324;
18/09; ;De 30 a 44 años;342;
18/09; ;De 45 a 64 años;399;
18/09; ;De 65 a 84 años;197;
18/09; ;De 85 y más años;53;
19/09; ;De 0 a 14 años;141;
19/09; ;De 15 a 29 años;192;
19/09; ;De 30 a 44 años;243;
19/09; ;De 45 a 64 años;294;
19/09; ;De 65 a 84 años;161;
19/09; ;De 85 y más años;37;
20/09; ;De 0 a 14 años;105;
20/09; ;De 15 a 29 años;135;
20/09; ;De 30 a 44 años;171;
20/09; ;De 45 a 64 años;201;
20/09; ;De 65 a 84 años;86;
20/09; ;De 85 y más años;40;
21/09; ;De 0 a 14 años;90;
21/09; ;De 15 a 29 años;168;
21/09; ;De 30 a 44 años;206;
21/09; ;De 45 a 64 años;245;
21/09; ;De 65 a 84 años;147;
21/09; ;De 85 y más años;46;
22/09; ;De 0 a 14 años;177;
22/09; ;De 15 a 29 años;247;
22/09; ;De 30 a 44 años;319;
22/09; ;De 45 a 64 años;336;
22/09; ;De 65 a 84 años;178;
22/09; ;De 85 y más años;45;
23/09; ;De 0 a 14 años;183;
23/09; ;De 15 a 29 años;256;
23/09; ;De 30 a 44 años;297;
23/09; ;De 45 a 64 años;364;
23/09; ;De 65 a 84 años;166;
23/09; ;De 85 y más años;41;
24/09; ;De 0 a 14 años;200;
24/09; ;De 15 a 29 años;311;
24/09; ;De 30 a 44 años;340;
24/09; ;De 45 a 64 años;416;
24/09; ;De 65 a 84 años;185;
24/09; ;De 85 y más años;58;
25/09; ;De 0 a 14 años;202;
25/09; ;De 15 a 29 años;294;
25/09; ;De 30 a 44 años;346;
25/09; ;De 45 a 64 años;400;
25/09; ;De 65 a 84 años;136;
25/09; ;De 85 y más años;50;
26/09; ;De 0 a 14 años;157;
26/09; ;De 15 a 29 años;304;
26/09; ;De 30 a 44 años;312;
26/09; ;De 45 a 64 años;339;
26/09; ;De 65 a 84 años;152;
26/09; ;De 85 y más años;60;
27/09; ;De 0 a 14 años;88;
27/09; ;De 15 a 29 años;135;
27/09; ;De 30 a 44 años;176;
27/09; ;De 45 a 64 años;207;
27/09; ;De 65 a 84 años;84;
27/09; ;De 85 y más años;14;
28/09; ;De 0 a 14 años;93;
28/09; ;De 15 a 29 años;180;
28/09; ;De 30 a 44 años;170;
28/09; ;De 45 a 64 años;238;
28/09; ;De 65 a 84 años;83;
28/09; ;De 85 y más años;18;
29/09; ;De 0 a 14 años;137;
29/09; ;De 15 a 29 años;276;
29/09; ;De 30 a 44 años;306;
29/09; ;De 45 a 64 años;328;
29/09; ;De 65 a 84 años;149;
29/09; ;De 85 y más años;31;
30/09; ;De 0 a 14 años;182;
30/09; ;De 15 a 29 años;351;
30/09; ;De 30 a 44 años;301;
30/09; ;De 45 a 64 años;382;
30/09; ;De 65 a 84 años;159;
30/09; ;De 85 y más años;55;
01/10; ;De 0 a 14 años;222;
01/10; ;De 15 a 29 años;444;
01/10; ;De 30 a 44 años;367;
01/10; ;De 45 a 64 años;452;
01/10; ;De 65 a 84 años;163;
01/10; ;De 85 y más años;27;
02/10; ;De 0 a 14 años;221;
02/10; ;De 15 a 29 años;451;
02/10; ;De 30 a 44 años;357;
02/10; ;De 45 a 64 años;468;
02/10; ;De 65 a 84 años;197;
02/10; ;De 85 y más años;62;
03/10; ;De 0 a 14 años;140;
03/10; ;De 15 a 29 años;335;
03/10; ;De 30 a 44 años;268;
03/10; ;De 45 a 64 años;340;
03/10; ;De 65 a 84 años;134;
03/10; ;De 85 y más años;30;
04/10; ;De 0 a 14 años;121;
04/10; ;De 15 a 29 años;229;
04/10; ;De 30 a 44 años;194;
04/10; ;De 45 a 64 años;260;
04/10; ;De 65 a 84 años;114;
04/10; ;De 85 y más años;43;
05/10; ;De 0 a 14 años;152;
05/10; ;De 15 a 29 años;257;
05/10; ;De 30 a 44 años;272;
05/10; ;De 45 a 64 años;327;
05/10; ;De 65 a 84 años;156;
05/10; ;De 85 y más años;70;
06/10; ;De 0 a 14 años;261;
06/10; ;De 15 a 29 años;468;
06/10; ;De 30 a 44 años;421;
06/10; ;De 45 a 64 años;475;
06/10; ;De 65 a 84 años;232;
06/10; ;De 85 y más años;68;
07/10; ;De 0 a 14 años;244;
07/10; ;De 15 a 29 años;487;
07/10; ;De 30 a 44 años;424;
07/10; ;De 45 a 64 años;567;
07/10; ;De 65 a 84 años;211;
07/10; ;De 85 y más años;92;
08/10; ;De 0 a 14 años;265;
08/10; ;De 15 a 29 años;645;
08/10; ;De 30 a 44 años;526;
08/10; ;De 45 a 64 años;669;
08/10; ;De 65 a 84 años;239;
08/10; ;De 85 y más años;63;
09/10; ;De 0 a 14 años;340;
09/10; ;De 15 a 29 años;654;
09/10; ;De 30 a 44 años;543;
09/10; ;De 45 a 64 años;714;
09/10; ;De 65 a 84 años;270;
09/10; ;De 85 y más años;68;
10/10; ;De 0 a 14 años;204;
10/10; ;De 15 a 29 años;451;
10/10; ;De 30 a 44 años;389;
10/10; ;De 45 a 64 años;546;
10/10; ;De 65 a 84 años;217;
10/10; ;De 85 y más años;57;
11/10; ;De 0 a 14 años;95;
11/10; ;De 15 a 29 años;244;
11/10; ;De 30 a 44 años;249;
11/10; ;De 45 a 64 años;315;
11/10; ;De 65 a 84 años;140;
11/10; ;De 85 y más años;48;
12/10; ;De 0 a 14 años;78;
12/10; ;De 15 a 29 años;230;
12/10; ;De 30 a 44 años;217;
12/10; ;De 45 a 64 años;308;
12/10; ;De 65 a 84 años;128;
12/10; ;De 85 y más años;45;
13/10; ;De 0 a 14 años;170;
13/10; ;De 15 a 29 años;408;
13/10; ;De 30 a 44 años;440;
13/10; ;De 45 a 64 años;523;
13/10; ;De 65 a 84 años;178;
13/10; ;De 85 y más años;53;
14/10; ;De 0 a 14 años;307;
14/10; ;De 15 a 29 años;641;
14/10; ;De 30 a 44 años;685;
14/10; ;De 45 a 64 años;868;
14/10; ;De 65 a 84 años;297;
14/10; ;De 85 y más años;100;
15/10; ;De 0 a 14 años;403;
15/10; ;De 15 a 29 años;787;
15/10; ;De 30 a 44 años;753;
15/10; ;De 45 a 64 años;969;
15/10; ;De 65 a 84 años;398;
15/10; ;De 85 y más años;134;
16/10; ;De 0 a 14 años;366;
16/10; ;De 15 a 29 años;827;
16/10; ;De 30 a 44 años;727;
16/10; ;De 45 a 64 años;881;
16/10; ;De 65 a 84 años;333;
16/10; ;De 85 y más años;89;
17/10; ;De 0 a 14 años;279;
17/10; ;De 15 a 29 años;566;
17/10; ;De 30 a 44 años;525;
17/10; ;De 45 a 64 años;722;
17/10; ;De 65 a 84 años;320;
17/10; ;De 85 y más años;102;
18/10; ;De 0 a 14 años;105;
18/10; ;De 15 a 29 años;241;
18/10; ;De 30 a 44 años;304;
18/10; ;De 45 a 64 años;393;
18/10; ;De 65 a 84 años;167;
18/10; ;De 85 y más años;63;
19/10; ;De 0 a 14 años;274;
19/10; ;De 15 a 29 años;591;
19/10; ;De 30 a 44 años;597;
19/10; ;De 45 a 64 años;789;
19/10; ;De 65 a 84 años;302;
19/10; ;De 85 y más años;101;
20/10; ;De 0 a 14 años;374;
20/10; ;De 15 a 29 años;816;
20/10; ;De 30 a 44 años;818;
20/10; ;De 45 a 64 años;1163;
20/10; ;De 65 a 84 años;432;
20/10; ;De 85 y más años;117;
21/10; ;De 0 a 14 años;481;
21/10; ;De 15 a 29 años;998;
21/10; ;De 30 a 44 años;1003;
21/10; ;De 45 a 64 años;1323;
21/10; ;De 65 a 84 años;524;
21/10; ;De 85 y más años;179;
22/10; ;De 0 a 14 años;483;
22/10; ;De 15 a 29 años;1028;
22/10; ;De 30 a 44 años;991;
22/10; ;De 45 a 64 años;1378;
22/10; ;De 65 a 84 años;513;
22/10; ;De 85 y más años;164;
23/10; ;De 0 a 14 años;509;
23/10; ;De 15 a 29 años;1061;
23/10; ;De 30 a 44 años;1002;
23/10; ;De 45 a 64 años;1412;
23/10; ;De 65 a 84 años;506;
23/10; ;De 85 y más años;156;
24/10; ;De 0 a 14 años;307;
24/10; ;De 15 a 29 años;623;
24/10; ;De 30 a 44 años;723;
24/10; ;De 45 a 64 años;981;
24/10; ;De 65 a 84 años;365;
24/10; ;De 85 y más años;122;
25/10; ;De 0 a 14 años;152;
25/10; ;De 15 a 29 años;290;
25/10; ;De 30 a 44 años;428;
25/10; ;De 45 a 64 años;517;
25/10; ;De 65 a 84 años;203;
25/10; ;De 85 y más años;60;
26/10; ;De 0 a 14 años;371;
26/10; ;De 15 a 29 años;698;
26/10; ;De 30 a 44 años;795;
26/10; ;De 45 a 64 años;1078;
26/10; ;De 65 a 84 años;410;
26/10; ;De 85 y más años;126;
27/10; ;De 0 a 14 años;483;
27/10; ;De 15 a 29 años;883;
27/10; ;De 30 a 44 años;1070;
27/10; ;De 45 a 64 años;1323;
27/10; ;De 65 a 84 años;535;
27/10; ;De 85 y más años;128;
28/10; ;De 0 a 14 años;586;
28/10; ;De 15 a 29 años;964;
28/10; ;De 30 a 44 años;1094;
28/10; ;De 45 a 64 años;1537;
28/10; ;De 65 a 84 años;591;
28/10; ;De 85 y más años;159;
29/10; ;De 0 a 14 años;559;
29/10; ;De 15 a 29 años;944;
29/10; ;De 30 a 44 años;1105;
29/10; ;De 45 a 64 años;1502;
29/10; ;De 65 a 84 años;603;
29/10; ;De 85 y más años;180;
30/10; ;De 0 a 14 años;537;
30/10; ;De 15 a 29 años;1005;
30/10; ;De 30 a 44 años;1042;
30/10; ;De 45 a 64 años;1489;
30/10; ;De 65 a 84 años;638;
30/10; ;De 85 y más años;169;
31/10; ;De 0 a 14 años;320;
31/10; ;De 15 a 29 años;615;
31/10; ;De 30 a 44 años;657;
31/10; ;De 45 a 64 años;965;
31/10; ;De 65 a 84 años;430;
31/10; ;De 85 y más años;124;
01/11; ;De 0 a 14 años;169;
01/11; ;De 15 a 29 años;376;
01/11; ;De 30 a 44 años;451;
01/11; ;De 45 a 64 años;656;
01/11; ;De 65 a 84 años;302;
01/11; ;De 85 y más años;100;
02/11; ;De 0 a 14 años;135;
02/11; ;De 15 a 29 años;292;
02/11; ;De 30 a 44 años;381;
02/11; ;De 45 a 64 años;558;
02/11; ;De 65 a 84 años;236;
02/11; ;De 85 y más años;82;
03/11; ;De 0 a 14 años;344;
03/11; ;De 15 a 29 años;702;
03/11; ;De 30 a 44 años;903;
03/11; ;De 45 a 64 años;1246;
03/11; ;De 65 a 84 años;478;
03/11; ;De 85 y más años;152;
04/11; ;De 0 a 14 años;454;
04/11; ;De 15 a 29 años;901;
04/11; ;De 30 a 44 años;1041;
04/11; ;De 45 a 64 años;1465;
04/11; ;De 65 a 84 años;625;
04/11; ;De 85 y más años;178;
05/11; ;De 0 a 14 años;491;
05/11; ;De 15 a 29 años;875;
05/11; ;De 30 a 44 años;1068;
05/11; ;De 45 a 64 años;1407;
05/11; ;De 65 a 84 años;599;
05/11; ;De 85 y más años;190;
06/11; ;De 0 a 14 años;601;
06/11; ;De 15 a 29 años;1001;
06/11; ;De 30 a 44 años;1087;
06/11; ;De 45 a 64 años;1481;
06/11; ;De 65 a 84 años;614;
06/11; ;De 85 y más años;142;
07/11; ;De 0 a 14 años;335;
07/11; ;De 15 a 29 años;606;
07/11; ;De 30 a 44 años;648;
07/11; ;De 45 a 64 años;982;
07/11; ;De 65 a 84 años;426;
07/11; ;De 85 y más años;130;
08/11; ;De 0 a 14 años;193;
08/11; ;De 15 a 29 años;354;
08/11; ;De 30 a 44 años;424;
08/11; ;De 45 a 64 años;548;
08/11; ;De 65 a 84 años;253;
08/11; ;De 85 y más años;66;
09/11; ;De 0 a 14 años;380;
09/11; ;De 15 a 29 años;658;
09/11; ;De 30 a 44 años;765;
09/11; ;De 45 a 64 años;1172;
09/11; ;De 65 a 84 años;533;
09/11; ;De 85 y más años;119;
10/11; ;De 0 a 14 años;488;
10/11; ;De 15 a 29 años;796;
10/11; ;De 30 a 44 años;928;
10/11; ;De 45 a 64 años;1271;
10/11; ;De 65 a 84 años;597;
10/11; ;De 85 y más años;173;
11/11; ;De 0 a 14 años;555;
11/11; ;De 15 a 29 años;794;
11/11; ;De 30 a 44 años;912;
11/11; ;De 45 a 64 años;1302;
11/11; ;De 65 a 84 años;553;
11/11; ;De 85 y más años;149;
12/11; ;De 0 a 14 años;538;
12/11; ;De 15 a 29 años;790;
12/11; ;De 30 a 44 años;890;
12/11; ;De 45 a 64 años;1227;
12/11; ;De 65 a 84 años;534;
12/11; ;De 85 y más años;157;
13/11; ;De 0 a 14 años;502;
13/11; ;De 15 a 29 años;770;
13/11; ;De 30 a 44 años;860;
13/11; ;De 45 a 64 años;1240;
13/11; ;De 65 a 84 años;497;
13/11; ;De 85 y más años;124;
14/11; ;De 0 a 14 años;268;
14/11; ;De 15 a 29 años;444;
14/11; ;De 30 a 44 años;492;
14/11; ;De 45 a 64 años;657;
14/11; ;De 65 a 84 años;287;
14/11; ;De 85 y más años;71;
15/11; ;De 0 a 14 años;163;
15/11; ;De 15 a 29 años;250;
15/11; ;De 30 a 44 años;310;
15/11; ;De 45 a 64 años;394;
15/11; ;De 65 a 84 años;141;
15/11; ;De 85 y más años;44;
16/11; ;De 0 a 14 años;273;
16/11; ;De 15 a 29 años;398;
16/11; ;De 30 a 44 años;486;
16/11; ;De 45 a 64 años;710;
16/11; ;De 65 a 84 años;266;
16/11; ;De 85 y más años;80;
17/11; ;De 0 a 14 años;387;
17/11; ;De 15 a 29 años;604;
17/11; ;De 30 a 44 años;695;
17/11; ;De 45 a 64 años;949;
17/11; ;De 65 a 84 años;435;
17/11; ;De 85 y más años;87;
18/11; ;De 0 a 14 años;389;
18/11; ;De 15 a 29 años;549;
18/11; ;De 30 a 44 años;603;
18/11; ;De 45 a 64 años;875;
18/11; ;De 65 a 84 años;334;
18/11; ;De 85 y más años;96;
19/11; ;De 0 a 14 años;63;
19/11; ;De 15 a 29 años;107;
19/11; ;De 30 a 44 años;115;
19/11; ;De 45 a 64 años;166;
19/11; ;De 65 a 84 años;66;
19/11; ;De 85 y más años;6;

          
               
                    
               
               
               
               
               
               
               
          
          
               
                    
               
               
               
               
               
               
               
          
          
               
                    
               
               
               
               
               
               
               
          
          
               
                    
               
               
               
               
               
               
               
          
          
               
                    
               
               
               
               
               
               
               
          
          
               
                    
               
               
               
               
               
               
               
          
          
               
                    
               
               
               
               
               
               
               
          
          
               
                    
               
               
               
               
               
               
               
          
          
               
                    
               
               
               
               
               
               
               
          
          
               
                    
               
               
               
               
               
               
               
          
          
               
                    
               
               
               
               
               
               
               
          
          
               
                    
               
               
               
               
               
               
               
          
          
               
                    
               
               
               
               
               
               
               
          
          
               
                    
               
               
               
               
               
               
               
          
          
               
                    
               
               
               
               
               
               
               
          
          
               
                    
               
               
               
               
               
               
               
          
          
               
                    
               
               
               
               
               
               
               
          
          
               
                    
               
               
               
               
               
               
               
          
          
               
                    
               
               
               
               
               
               
               
          
          
               
                    
               
               
               
               
               
               
               
          
          
               
                    
               
               
               
               
               
               
               
          
          
               
                    
               
               
               
               
               
               
               
          
          
               
                    
               
               
               
               
               
               
               
          
          
               
                    
               
               
               
               
               
               
               
          
          
               
                    
               
               
               
               
               
               
               
          
          
               
                    
               
               
               
               
               
               
               
          
          
               
                    
               
               
               
               
               
               
               
          
          
               
                    
               
               
               
               
               
               
               
          
          
               
                    
               
               
               
               
               
               
               
          
          
               
                    
               
               
               
               
               
               
               
          
          
               
                    
               
               
               
               
               
               
               
          
          
               
                    
               
               
               
               
               
               
               
          
          
               
                    
               
               
               
               
               
               
               
          
          
               
                    
               
               
               
               
               
               
               
          
          
               
                    
               
               
               
               
               
               
               
          
          
               
                    
               
               
               
               
               
               
               
          
          
               
                    
               
               
               
               
               
               
               
          
          
               
                    
               
               
               
               
               
               
               
          
          
               
                    
               
               
               
               
               
               
               
          
          
               
                    
               
               
               
               
               
               
               
          
          
               
                    
               
               
               
               
               
               
               
          
          
               
                    
               
               
               
               
               
               
               
          
          
               
                    
               
               
               
               
               
               
               
          
          
               
                    
               
               
               
               
               
               
               
          
          
               
                    
               
               
               
               
               
               
               
          
          
               
                    
               
               
               
               
               
               
               
          
          
               
                    
               
               
               
               
               
               
               
          
          
               
                    
               
               
               
               
               
               
               
          
          
               
                    
               
               
               
               
               
               
               
          
          
               
                    
               
               
               
               
               
               
               
          
          
               
                    
               
               
               
               
               
               
               
          
          
               
                    
               
               
               
               
               
               
               
          
          
               
                    
               
               
               
               
               
               
               
          
          
               
                    
               
               
               
               
               
               
               
          
          
               
                    
               
               
               
               
               
               
               
          
          
               
                    
               
               
               
               
               
               
               
          
          
               
                    
               
               
               
               
               
               
               
          
          
               
                    
               
               
               
               
               
               
               
          
          
               
                    
               
               
               
               
               
               
               
          
          
               
                    
               
               
               
               
               
               
               
          
          
               
                    
               
               
               
               
               
               
               
          
          
               
                    
               
               
               
               
               
               
               
          
          
               
                    
               
               
               
               
               
               
               
          
          
               
                    
               
               
               
               
               
               
               
          
          
               
                    
               
               
               
               
               
               
               
          
          
               
                    
               
               
               
               
               
               
               
          
          
               
                    
               
               
               
               
               
               
               
          
          
               
                    
               
               
               
               
               
               
               
          
          
               
                    
               
               
               
               
               
               
               
          
          
               
                    
               
               
               
               
               
               
               
          
          
               
                    
               
               
               
               
               
               
               
          
          
               
                    
               
               
               
               
               
               
               
          
          
               
                    
               
               
               
               
               
               
               
          
          
               
                    
               
               
               
               
               
               
               
          
          
               
                    
               
               
               
               
               
               
               
          
          
               
                    
               
               
               
               
               
               
               
          
          
               
                    
               
               
               
               
               
               
               
          
          
               
                    
               
               
               
               
               
               
               
          
          
               
                    
               
               
               
               
               
               
               
          
          
               
                    
               
               
               
               
               
               
               
          
          
               
                    
               
               
               
               
               
               
               
          
          
               
                    
               
               
               
               
               
               
               
          
          
               
                    
               
               
               
               
               
               
               
          
          
               
                    
               
               
               
               
               
               
               
          
          
               
                    
               
               
               
               
               
               
               
          
          
               
                    
               
               
               
               
               
               
               
          
          
               
                    
               
               
               
               
               
               
               
          
          
               
                    
               
               
               
               
               
               
               
          
          
               
                    
               
               
               
               
               
               
               
          
          
               
                    
               
               
               
               
               
               
               
          
          
               
                    
               
               
               
               
               
               
               
          
          
               
                    
               
               
               
               
               
               
               
          
          
               
                    
               
               
               
               
               
               
               
          
          
               
                    
               
               
               
               
               
               
               
          
          
               
                    
               
               
               
               
               
               
               
          
          
               
                    
               
               
               
               
               
               
               
          
          
               
                    
               
               
               
               
               
               
               
          
          
               
                    
               
               
               
               
               
               
               
          
          
               
                    
               
               
               
               
               
               
               
          
          
               
                    
               
               
               
               
               
               
               
          
          
               
                    
               
               
               
               
               
               
               
          
          
               
                    
               
               
               
               
               
               
               
          
          
               
                    
               
               
               
               
               
               
               
          
          
               
                    
               
               
               
               
               
               
               
          
          
               
                    
               
               
               
               
               
               
               
          
          
               
                    
               
               
               
               
               
               
               
          
          
               
                    
               
               
               
               
               
               
               
          
          
               
                    
               
               
               
               
               
               
               
          
          
               
                    
               
               
               
               
               
               
               
          
          
               
                    
               
               
               
               
               
               
               
          
          
               
                    
               
               
               
               
               
               
               
          
          
               
                    
               
               
               
               
               
               
               
          
          
               
                    
               
               
               
               
               
               
               
          
          
               
                    
               
               
               
               
               
               
               
          
          
               
                    
               
               
               
               
               
               
               
          
          
               
                    
               
               
               
               
               
               
               
          
          
               
                    
               
               
               
               
               
               
               
          
          
               
                    
               
               
               
               
               
               
               
          
          
               
                    
               
               
               
               
               
               
               
          
          
               
                    
               
               
               
               
               
               
               
          
          
               
                    
               
               
               
               
               
               
               
          
          
               
                    
               
               
               
               
               
               
               
          
          
               
                    
               
               
               
               
               
               
               
          
          
               
                    
               
               
               
               
               
               
               
          
          
               
                    
               
               
               
               
               
               
               
          
          
               
                    
               
               
               
               
               
               
               
          
          
               
                    
               
               
               
               
               
               
               
          
          
               
                    
               
               
               
               
               
               
               
          
          
               
                    
               
               
               
               
               
               
               
          
          
               
                    
               
               
               
               
               
               
               
          
          
               
                    
               
               
               
               
               
               
               
          
          
               
                    
               
               
               
               
               
               
               
          
          
               
                    
               
               
               
               
               
               
               
          
          
               
                    
               
               
               
               
               
               
               
          
          
               
                    
               
               
               
               
               
               
               
          
          
               
                    
               
               
               
               
               
               
               
          
          
               
                    
               
               
               
               
               
               
               
          
          
               
                    
               
               
               
               
               
               
               
          
          
               
                    
               
               
               
               
               
               
               
          
          
               
                    
               
               
               
               
               
               
               
          
          
               
                    
               
               
               
               
               
               
               
          
          
               
                    
               
               
               
               
               
               
               
          
          
               
                    
               
               
               
               
               
               
               
          
          
               
                    
               
               
               
               
               
               
               
          
          
               
                    
               
               
               
               
               
               
               
          
          
               
                    
               
               
               
               
               
               
               
          
          
               
                    
               
               
               
               
               
               
               
          
          
               
                    
               
               
               
               
               
               
               
          
          
               
                    
               
               
               
               
               
               
               
          
          
               
                    
               
               
               
               
               
               
               
          
          
               
                    
               
               
               
               
               
               
               
          
          
               
                    
               
               
               
               
               
               
               
          
          
               
                    
               
               
               
               
               
               
               
          
          
               
                    
               
               
               
               
               
               
               
          
          
               
                    
               
               
               
               
               
               
               
          
          
               
                    
               
               
               
               
               
               
               
          
          
               
                    
               
               
               
               
               
               
               
          
          
               
                    
               
               
               
               
               
               
               
          
          
               
                    
               
               
               
               
               
               
               
          
          
               
                    
               
               
               
               
               
               
               
          
          
               
                    
               
               
               
               
               
               
               
          
          
               
                    
               
               
               
               
               
               
               
          
          
               
                    
               
               
               
               
               
               
               
          
          
               
                    
               
               
               
               
               
               
               
          
          
               
                    
               
               
               
               
               
               
               
          
          
               
                    
               
               
               
               
               
               
               
          
          
               
                    
               
               
               
               
               
               
               
          
          
               
                    
               
               
               
               
               
               
               
          
          
               
                    
               
               
               
               
               
               
               
          
          
               
                    
               
               
               
               
               
               
               
          
          
               
                    
               
               
               
               
               
               
               
          
          
               
                    
               
               
               
               
               
               
               
          
          
               
                    
               
               
               
               
               
               
               
          
          
               
                    
               
               
               
               
               
               
               
          
          
               
                    
               
               
               
               
               
               
               
          
          
               
                    
               
               
               
               
               
               
               
          
          
               
                    
               
               
               
               
               
               
               
          
          
               
                    
               
               
               
               
               
               
               
          
          
               
                    
               
               
               
               
               
               
               
          
          
               
                    
               
               
               
               
               
               
               
          
          
               
                    
               
               
               
               
               
               
               
          
          
               
                    
               
               
               
               
               
               
               
          
          
               
                    
               
               
               
               
               
               
               
          
          
               
                    
               
               
               
               
               
               
               
          
          
               
                    
               
               
               
               
               
               
               
          
          
               
                    
               
               
               
               
               
               
               
          
          
               
                    
               
               
               
               
               
               
               
          
          
               
                    
               
               
               
               
               
               
               
          
          
               
                    
               
               
               
               
               
               
               
          
          
               
                    
               
               
               
               
               
               
               
          
          
               
                    
               
               
               
               
               
               
               
          
          
               
                    
               
               
               
               
               
               
               
          
          
               
                    
               
               
               
               
               
               
               
          
          
               
                    
               
               
               
               
               
               
               
          
          
               
                    
               
               
               
               
               
               
               
          
          
               
                    
               
               
               
               
               
               
               
          
          
               
                    
               
               
               
               
               
               
               
          
          
               
                    
               
               
               
               
               
               
               
          
          
               
                    
               
               
               
               
               
               
               
          
          
               
                    
               
               
               
               
               
               
               
          
          
               
                    
               
               
               
               
               
               
               
          
          
               
                    
               
               
               
               
               
               
               
          
          
               
                    
               
               
               
               
               
               
               
          
          
               
                    
               
               
               
               
               
               
               
          
          
               
                    
               
               
               
               
               
               
               
          
          
               
                    
               
               
               
               
               
               
               
          
          
               
                    
               
               
               
               
               
               
               
          
          
               
                    
               
               
               
               
               
               
               
          
          
               
                    
               
               
               
               
               
               
               
          
          
               
                    
               
               
               
               
               
               
               
          
          
               
                    
               
               
               
               
               
               
               
          
          
               
                    
               
               
               
               
               
               
               
          
          
               
                    
               
               
               
               
               
               
               
          
          
               
                    
               
               
               
               
               
               
               
          
          
               
                    
               
               
               
               
               
               
               
          
          
               
                    
               
               
               
               
               
               
               
          
          
               
                    
               
               
               
               
               
               
               
          
          
               
                    
               
               
               
               
               
               
               
          
          
               
                    
               
               
               
               
               
               
               
          
          
               
                    
               
               
               
               
               
               
               
          
          
               
                    
               
               
               
               
               
               
               
          
          
               
                    
               
               
               
               
               
               
               
          
          
               
                    
               
               
               
               
               
               
               
          
          
               
                    
               
               
               
               
               
               
               
          
          
               
                    
               
               
               
               
               
               
               
          
          
               
                    
               
               
               
               
               
               
               
          
          
               
                    
               
               
               
               
               
               
               
          
          
               
                    
               
               
               
               
               
               
               
          
          
               
                    
               
               
               
               
               
               
               
          
          
               
                    
               
               
               
               
               
               
               
          
          
               
                    
               
               
               
               
               
               
               
          
          
               
                    
               
               
               
               
               
               
               
          
          
               
                    
               
               
               
               
               
               
               
          
          
               
                    
               
               
               
               
               
               
               
          
          
               
                    
               
               
               
               
               
               
               
          
          
               
                    
               
               
               
               
               
               
               
          
          
               
                    
               
               
               
               
               
               
               
          
          
               
                    
               
               
               
               
               
               
               
          
          
               
                    
               
               
               
               
               
               
               
          
          
               
                    
               
               
               
               
               
               
               
          
          
               
                    
               
               
               
               
               
               
               
          
          
               
                    
               
               
               
               
               
               
               
          
          
               
                    
               
               
               
               
               
               
               
          
          
               
                    
               
               
               
               
               
               
               
          
          
               
                    
               
               
               
               
               
               
               
          
          
               
                    
               
               
               
               
               
               
               
          
          
               
                    
               
               
               
               
               
               
               
          
          
               
                    
               
               
               
               
               
               
               
          
          
               
                    
               
               
               
               
               
               
               
          
          
               
                    
               
               
               
               
               
               
               
          
          
               
                    
               
               
               
               
               
               
               
          
          
               
                    
               
               
               
               
               
               
               
          
          
               
                    
               
               
               
               
               
               
               
          
          
               
                    
               
               
               
               
               
               
               
          
          
               
                    
               
               
               
               
               
               
               
          
          
               
                    
               
               
               
               
               
               
               
          
          
               
                    
               
               
               
               
               
               
               
          
          
               
                    
               
               
               
               
               
               
               
          
          
               
                    
               
               
               
               
               
               
               
          
          
               
                    
               
               
               
               
               
               
               
          
          
               
                    
               
               
               
               
               
               
               
          
          
               
                    
               
               
               
               
               
               
               
          
          
               
                    
               
               
               
               
               
               
               
          
          
               
                    
               
               
               
               
               
               
               
          
          
               
                    
               
               
               
               
               
               
               
          
          
               
                    
               
               
               
               
               
               
               
          
          
               
                    
               
               
               
               
               
               
               
          
          
               
                    
               
               
               
               
               
               
               
          
          
               
                    
               
               
               
               
               
               
               
          
          
               
                    
               
               
               
               
               
               
               
          
          
               
                    
               
               
               
               
               
               
               
          
     