Fecha,Edad,Sexo,Confirmados,Hospitalizados,UCI,Defunciones
2020-10-19,De 0 a 4 años,Hombres,1234,44,2,0
2020-10-19,De 0 a 4 años,Mujeres,1240,24,1,0
2020-10-19,De 10 a 14 años,Hombres,1884,10,2,0
2020-10-19,De 10 a 14 años,Mujeres,1923,7,0,0
2020-10-19,De 100 y más años,Hombres,4,1,0,1
2020-10-19,De 100 y más años,Mujeres,41,5,0,8
2020-10-19,De 15 a 19 años,Hombres,2661,20,4,2
2020-10-19,De 15 a 19 años,Mujeres,2851,24,1,0
2020-10-19,De 20 a 24 años,Hombres,3629,52,6,4
2020-10-19,De 20 a 24 años,Mujeres,3933,71,3,1
2020-10-19,De 25 a 29 años,Hombres,3803,77,7,1
2020-10-19,De 25 a 29 años,Mujeres,4175,96,5,2
2020-10-19,De 30 a 34 años,Hombres,3515,116,11,4
2020-10-19,De 30 a 34 años,Mujeres,3892,152,7,2
2020-10-19,De 35 a 39 años,Hombres,3719,213,21,6
2020-10-19,De 35 a 39 años,Mujeres,3854,169,7,2
2020-10-19,De 40 a 44 años,Hombres,3908,296,21,4
2020-10-19,De 40 a 44 años,Mujeres,4206,217,11,5
2020-10-19,De 45 a 49 años,Hombres,3769,463,59,22
2020-10-19,De 45 a 49 años,Mujeres,4165,268,23,7
2020-10-19,De 5 a 9 años,Hombres,1489,6,0,0
2020-10-19,De 5 a 9 años,Mujeres,1427,5,0,0
2020-10-19,De 50 a 54 años,Hombres,3626,607,104,43
2020-10-19,De 50 a 54 años,Mujeres,3992,327,24,7
2020-10-19,De 55 a 59 años,Hombres,3268,633,97,52
2020-10-19,De 55 a 59 años,Mujeres,3615,375,36,18
2020-10-19,De 60 a 64 años,Hombres,2659,739,134,89
2020-10-19,De 60 a 64 años,Mujeres,2630,449,40,44
2020-10-19,De 65 a 69 años,Hombres,1964,653,126,95
2020-10-19,De 65 a 69 años,Mujeres,1874,439,43,32
2020-10-19,De 70 a 74 años,Hombres,1586,710,129,135
2020-10-19,De 70 a 74 años,Mujeres,1590,501,56,71
2020-10-19,De 75 a 79 años,Hombres,1368,685,97,207
2020-10-19,De 75 a 79 años,Mujeres,1478,520,49,117
2020-10-19,De 80 a 84 años,Hombres,1096,593,27,222
2020-10-19,De 80 a 84 años,Mujeres,1580,581,18,185
2020-10-19,De 85 a 89 años,Hombres,845,435,1,206
2020-10-19,De 85 a 89 años,Mujeres,1585,521,1,238
2020-10-19,De 90 a 94 años,Hombres,346,184,1,101
2020-10-19,De 90 a 94 años,Mujeres,936,265,0,184
2020-10-19,De 95 a 99 años,Hombres,69,34,0,29
2020-10-19,De 95 a 99 años,Mujeres,282,85,0,65
2020-10-21,De 0 a 4 años,Hombres,1304,46,2,0
2020-10-21,De 0 a 4 años,Mujeres,1288,24,1,0
2020-10-21,De 10 a 14 años,Hombres,2055,10,2,0
2020-10-21,De 10 a 14 años,Mujeres,2077,7,0,0
2020-10-21,De 100 y más años,Hombres,4,1,0,1
2020-10-21,De 100 y más años,Mujeres,43,5,0,8
2020-10-21,De 15 a 19 años,Hombres,2889,20,4,2
2020-10-21,De 15 a 19 años,Mujeres,3095,26,1,0
2020-10-21,De 20 a 24 años,Hombres,3874,54,6,4
2020-10-21,De 20 a 24 años,Mujeres,4191,71,3,1
2020-10-21,De 25 a 29 años,Hombres,4016,79,7,1
2020-10-21,De 25 a 29 años,Mujeres,4421,99,5,2
2020-10-21,De 30 a 34 años,Hombres,3730,117,11,4
2020-10-21,De 30 a 34 años,Mujeres,4138,158,7,2
2020-10-21,De 35 a 39 años,Hombres,3908,217,21,6
2020-10-21,De 35 a 39 años,Mujeres,4092,175,7,2
2020-10-21,De 40 a 44 años,Hombres,4139,301,21,4
2020-10-21,De 40 a 44 años,Mujeres,4487,224,12,6
2020-10-21,De 45 a 49 años,Hombres,4004,474,60,22
2020-10-21,De 45 a 49 años,Mujeres,4492,271,24,10
2020-10-21,De 5 a 9 años,Hombres,1584,7,0,0
2020-10-21,De 5 a 9 años,Mujeres,1548,7,0,0
2020-10-21,De 50 a 54 años,Hombres,3849,631,106,43
2020-10-21,De 50 a 54 años,Mujeres,4255,332,25,8
2020-10-21,De 55 a 59 años,Hombres,3488,654,100,53
2020-10-21,De 55 a 59 años,Mujeres,3848,385,37,19
2020-10-21,De 60 a 64 años,Hombres,2808,752,134,90
2020-10-21,De 60 a 64 años,Mujeres,2797,458,41,45
2020-10-21,De 65 a 69 años,Hombres,2067,675,126,97
2020-10-21,De 65 a 69 años,Mujeres,1979,453,45,33
2020-10-21,De 70 a 74 años,Hombres,1684,733,132,138
2020-10-21,De 70 a 74 años,Mujeres,1684,516,59,75
2020-10-21,De 75 a 79 años,Hombres,1459,711,98,212
2020-10-21,De 75 a 79 años,Mujeres,1563,544,51,120
2020-10-21,De 80 a 84 años,Hombres,1148,614,29,229
2020-10-21,De 80 a 84 años,Mujeres,1668,603,18,191
2020-10-21,De 85 a 89 años,Hombres,894,455,1,213
2020-10-21,De 85 a 89 años,Mujeres,1665,540,1,248
2020-10-21,De 90 a 94 años,Hombres,353,184,1,101
2020-10-21,De 90 a 94 años,Mujeres,982,271,0,184
2020-10-21,De 95 a 99 años,Hombres,73,37,0,30
2020-10-21,De 95 a 99 años,Mujeres,292,85,0,67
2020-10-22,De 0 a 4 años,Hombres,1339,46,2,0
2020-10-22,De 0 a 4 años,Mujeres,1324,24,1,0
2020-10-22,De 10 a 14 años,Hombres,2149,10,2,0
2020-10-22,De 10 a 14 años,Mujeres,2181,7,0,0
2020-10-22,De 100 y más años,Hombres,5,1,0,1
2020-10-22,De 100 y más años,Mujeres,44,5,0,8
2020-10-22,De 15 a 19 años,Hombres,3009,20,4,2
2020-10-22,De 15 a 19 años,Mujeres,3210,26,1,0
2020-10-22,De 20 a 24 años,Hombres,3994,54,6,4
2020-10-22,De 20 a 24 años,Mujeres,4340,71,3,1
2020-10-22,De 25 a 29 años,Hombres,4138,82,7,1
2020-10-22,De 25 a 29 años,Mujeres,4550,99,5,2
2020-10-22,De 30 a 34 años,Hombres,3856,119,11,4
2020-10-22,De 30 a 34 años,Mujeres,4286,158,8,2
2020-10-22,De 35 a 39 años,Hombres,4027,219,21,6
2020-10-22,De 35 a 39 años,Mujeres,4234,178,7,2
2020-10-22,De 40 a 44 años,Hombres,4273,304,21,4
2020-10-22,De 40 a 44 años,Mujeres,4656,225,12,7
2020-10-22,De 45 a 49 años,Hombres,4155,478,61,22
2020-10-22,De 45 a 49 años,Mujeres,4686,273,23,9
2020-10-22,De 5 a 9 años,Hombres,1643,7,0,0
2020-10-22,De 5 a 9 años,Mujeres,1606,7,0,0
2020-10-22,De 50 a 54 años,Hombres,3999,638,107,43
2020-10-22,De 50 a 54 años,Mujeres,4425,339,25,8
2020-10-22,De 55 a 59 años,Hombres,3627,662,101,54
2020-10-22,De 55 a 59 años,Mujeres,4000,392,37,19
2020-10-22,De 60 a 64 años,Hombres,2919,760,134,90
2020-10-22,De 60 a 64 años,Mujeres,2903,465,41,46
2020-10-22,De 65 a 69 años,Hombres,2115,680,128,100
2020-10-22,De 65 a 69 años,Mujeres,2028,460,46,33
2020-10-22,De 70 a 74 años,Hombres,1732,741,134,139
2020-10-22,De 70 a 74 años,Mujeres,1746,520,60,75
2020-10-22,De 75 a 79 años,Hombres,1498,718,99,215
2020-10-22,De 75 a 79 años,Mujeres,1627,552,51,124
2020-10-22,De 80 a 84 años,Hombres,1172,623,31,232
2020-10-22,De 80 a 84 años,Mujeres,1722,613,18,191
2020-10-22,De 85 a 89 años,Hombres,926,460,1,218
2020-10-22,De 85 a 89 años,Mujeres,1709,546,1,251
2020-10-22,De 90 a 94 años,Hombres,364,186,2,103
2020-10-22,De 90 a 94 años,Mujeres,1018,280,0,188
2020-10-22,De 95 a 99 años,Hombres,75,37,0,30
2020-10-22,De 95 a 99 años,Mujeres,299,85,0,67
2020-10-29,De 0 a 4 años,Hombres,1598,49,2,0
2020-10-29,De 0 a 4 años,Mujeres,1569,27,1,0
2020-10-29,De 10 a 14 años,Hombres,2841,11,2,0
2020-10-29,De 10 a 14 años,Mujeres,2883,8,0,0
2020-10-29,De 100 y más años,Hombres,5,1,0,1
2020-10-29,De 100 y más años,Mujeres,53,6,0,9
2020-10-29,De 15 a 19 años,Hombres,3858,21,4,2
2020-10-29,De 15 a 19 años,Mujeres,4116,29,1,0
2020-10-29,De 20 a 24 años,Hombres,4805,58,7,4
2020-10-29,De 20 a 24 años,Mujeres,5264,77,3,1
2020-10-29,De 25 a 29 años,Hombres,4924,87,8,1
2020-10-29,De 25 a 29 años,Mujeres,5489,108,5,2
2020-10-29,De 30 a 34 años,Hombres,4562,130,11,5
2020-10-29,De 30 a 34 años,Mujeres,5224,173,9,2
2020-10-29,De 35 a 39 años,Hombres,4807,234,22,6
2020-10-29,De 35 a 39 años,Mujeres,5201,190,8,2
2020-10-29,De 40 a 44 años,Hombres,5197,332,23,5
2020-10-29,De 40 a 44 años,Mujeres,5736,235,12,7
2020-10-29,De 45 a 49 años,Hombres,5135,519,65,23
2020-10-29,De 45 a 49 años,Mujeres,5812,295,24,9
2020-10-29,De 5 a 9 años,Hombres,2054,8,0,0
2020-10-29,De 5 a 9 años,Mujeres,1999,8,0,0
2020-10-29,De 50 a 54 años,Hombres,4924,687,111,46
2020-10-29,De 50 a 54 años,Mujeres,5525,374,26,10
2020-10-29,De 55 a 59 años,Hombres,4463,732,108,55
2020-10-29,De 55 a 59 años,Mujeres,4931,430,40,21
2020-10-29,De 60 a 64 años,Hombres,3559,818,139,98
2020-10-29,De 60 a 64 años,Mujeres,3634,507,44,49
2020-10-29,De 65 a 69 años,Hombres,2543,739,135,106
2020-10-29,De 65 a 69 años,Mujeres,2488,512,48,35
2020-10-29,De 70 a 74 años,Hombres,2080,807,142,149
2020-10-29,De 70 a 74 años,Mujeres,2146,572,63,78
2020-10-29,De 75 a 79 años,Hombres,1779,792,104,232
2020-10-29,De 75 a 79 años,Mujeres,1973,615,55,134
2020-10-29,De 80 a 84 años,Hombres,1382,676,33,253
2020-10-29,De 80 a 84 años,Mujeres,2088,670,18,213
2020-10-29,De 85 a 89 años,Hombres,1132,521,3,248
2020-10-29,De 85 a 89 años,Mujeres,2065,614,1,273
2020-10-29,De 90 a 94 años,Hombres,438,203,2,113
2020-10-29,De 90 a 94 años,Mujeres,1224,310,0,205
2020-10-29,De 95 a 99 años,Hombres,85,41,0,33
2020-10-29,De 95 a 99 años,Mujeres,358,92,0,74
2020-11-05,De 0 a 4 años,Hombres,1932,48,2,0
2020-11-05,De 0 a 4 años,Mujeres,1886,29,1,0
2020-11-05,De 10 a 14 años,Hombres,3659,11,2,0
2020-11-05,De 10 a 14 años,Mujeres,3625,9,0,0
2020-11-05,De 100 y más años,Hombres,10,1,0,1
2020-11-05,De 100 y más años,Mujeres,59,6,0,12
2020-11-05,De 15 a 19 años,Hombres,4800,25,4,3
2020-11-05,De 15 a 19 años,Mujeres,5023,30,1,0
2020-11-05,De 20 a 24 años,Hombres,5701,61,7,4
2020-11-05,De 20 a 24 años,Mujeres,6288,79,3,1
2020-11-05,De 25 a 29 años,Hombres,5872,91,8,2
2020-11-05,De 25 a 29 años,Mujeres,6576,117,6,2
2020-11-05,De 30 a 34 años,Hombres,5465,139,11,6
2020-11-05,De 30 a 34 años,Mujeres,6305,186,10,2
2020-11-05,De 35 a 39 años,Hombres,5784,253,25,6
2020-11-05,De 35 a 39 años,Mujeres,6384,207,9,3
2020-11-05,De 40 a 44 años,Hombres,6335,368,25,5
2020-11-05,De 40 a 44 años,Mujeres,7157,255,12,8
2020-11-05,De 45 a 49 años,Hombres,6368,563,69,26
2020-11-05,De 45 a 49 años,Mujeres,7268,315,24,9
2020-11-05,De 5 a 9 años,Hombres,2540,9,0,0
2020-11-05,De 5 a 9 años,Mujeres,2461,8,0,0
2020-11-05,De 50 a 54 años,Hombres,6089,748,116,48
2020-11-05,De 50 a 54 años,Mujeres,6930,408,26,10
2020-11-05,De 55 a 59 años,Hombres,5533,810,116,59
2020-11-05,De 55 a 59 años,Mujeres,6133,474,44,24
2020-11-05,De 60 a 64 años,Hombres,4458,921,150,105
2020-11-05,De 60 a 64 años,Mujeres,4578,567,48,53
2020-11-05,De 65 a 69 años,Hombres,3205,845,153,118
2020-11-05,De 65 a 69 años,Mujeres,3080,567,51,40
2020-11-05,De 70 a 74 años,Hombres,2536,893,150,165
2020-11-05,De 70 a 74 años,Mujeres,2664,624,68,87
2020-11-05,De 75 a 79 años,Hombres,2159,897,116,254
2020-11-05,De 75 a 79 años,Mujeres,2417,688,56,153
2020-11-05,De 80 a 84 años,Hombres,1682,748,34,283
2020-11-05,De 80 a 84 años,Mujeres,2569,780,18,241
2020-11-05,De 85 a 89 años,Hombres,1363,595,4,285
2020-11-05,De 85 a 89 años,Mujeres,2505,705,1,307
2020-11-05,De 90 a 94 años,Hombres,531,238,2,127
2020-11-05,De 90 a 94 años,Mujeres,1449,354,0,236
2020-11-05,De 95 a 99 años,Hombres,96,42,0,37
2020-11-05,De 95 a 99 años,Mujeres,434,102,0,87
2020-11-12,De 0 a 4 años,Hombres,2223,51,2,0
2020-11-12,De 0 a 4 años,Mujeres,2177,30,1,0
2020-11-12,De 10 a 14 años,Hombres,4437,11,2,0
2020-11-12,De 10 a 14 años,Mujeres,4384,10,0,0
2020-11-12,De 100 y más años,Hombres,11,1,0,1
2020-11-12,De 100 y más años,Mujeres,70,10,0,14
2020-11-12,De 15 a 19 años,Hombres,5686,28,5,4
2020-11-12,De 15 a 19 años,Mujeres,5868,35,1,0
2020-11-12,De 20 a 24 años,Hombres,6456,67,8,4
2020-11-12,De 20 a 24 años,Mujeres,7185,93,3,1
2020-11-12,De 25 a 29 años,Hombres,6739,98,8,3
2020-11-12,De 25 a 29 años,Mujeres,7563,125,6,2
2020-11-12,De 30 a 34 años,Hombres,6294,144,11,6
2020-11-12,De 30 a 34 años,Mujeres,7234,196,11,2
2020-11-12,De 35 a 39 años,Hombres,6670,275,27,6
2020-11-12,De 35 a 39 años,Mujeres,7450,225,10,2
2020-11-12,De 40 a 44 años,Hombres,7400,400,26,5
2020-11-12,De 40 a 44 años,Mujeres,8383,280,13,8
2020-11-12,De 45 a 49 años,Hombres,7480,629,73,26
2020-11-12,De 45 a 49 años,Mujeres,8553,342,25,12
2020-11-12,De 5 a 9 años,Hombres,3052,10,0,0
2020-11-12,De 5 a 9 años,Mujeres,2938,8,0,0
2020-11-12,De 50 a 54 años,Hombres,7168,820,125,54
2020-11-12,De 50 a 54 años,Mujeres,8247,449,29,11
2020-11-12,De 55 a 59 años,Hombres,6464,897,123,64
2020-11-12,De 55 a 59 años,Mujeres,7280,534,45,24
2020-11-12,De 60 a 64 años,Hombres,5247,1020,160,113
2020-11-12,De 60 a 64 años,Mujeres,5388,626,56,57
2020-11-12,De 65 a 69 años,Hombres,3760,951,175,133
2020-11-12,De 65 a 69 años,Mujeres,3648,619,57,45
2020-11-12,De 70 a 74 años,Hombres,2999,993,158,188
2020-11-12,De 70 a 74 años,Mujeres,3163,703,72,99
2020-11-12,De 75 a 79 años,Hombres,2521,1000,126,292
2020-11-12,De 75 a 79 años,Mujeres,2863,774,59,173
2020-11-12,De 80 a 84 años,Hombres,1988,839,35,312
2020-11-12,De 80 a 84 años,Mujeres,3036,877,18,274
2020-11-12,De 85 a 89 años,Hombres,1568,668,4,325
2020-11-12,De 85 a 89 años,Mujeres,2902,794,1,360
2020-11-12,De 90 a 94 años,Hombres,630,261,2,148
2020-11-12,De 90 a 94 años,Mujeres,1683,405,0,270
2020-11-12,De 95 a 99 años,Hombres,112,50,0,42
2020-11-12,De 95 a 99 años,Mujeres,502,124,1,104
2020-11-19,De 0 a 4 años,Hombres,2519,56,3,0
2020-11-19,De 0 a 4 años,Mujeres,2459,35,1,0
2020-11-19,De 10 a 14 años,Hombres,5087,11,2,0
2020-11-19,De 10 a 14 años,Mujeres,4978,14,0,0
2020-11-19,De 100 y más años,Hombres,12,1,0,1
2020-11-19,De 100 y más años,Mujeres,76,11,0,17
2020-11-19,De 15 a 19 años,Hombres,6388,28,5,4
2020-11-19,De 15 a 19 años,Mujeres,6569,37,1,0
2020-11-19,De 20 a 24 años,Hombres,7085,70,8,4
2020-11-19,De 20 a 24 años,Mujeres,7897,99,3,2
2020-11-19,De 25 a 29 años,Hombres,7395,107,8,3
2020-11-19,De 25 a 29 años,Mujeres,8325,136,7,2
2020-11-19,De 30 a 34 años,Hombres,6943,156,11,6
2020-11-19,De 30 a 34 años,Mujeres,8027,215,12,2
2020-11-19,De 35 a 39 años,Hombres,7378,295,27,6
2020-11-19,De 35 a 39 años,Mujeres,8283,238,10,2
2020-11-19,De 40 a 44 años,Hombres,8222,432,29,5
2020-11-19,De 40 a 44 años,Mujeres,9417,298,14,8
2020-11-19,De 45 a 49 años,Hombres,8354,690,78,31
2020-11-19,De 45 a 49 años,Mujeres,9590,370,28,13
2020-11-19,De 5 a 9 años,Hombres,3430,10,0,0
2020-11-19,De 5 a 9 años,Mujeres,3365,9,0,0
2020-11-19,De 50 a 54 años,Hombres,7991,895,132,57
2020-11-19,De 50 a 54 años,Mujeres,9267,482,30,11
2020-11-19,De 55 a 59 años,Hombres,7177,984,135,71
2020-11-19,De 55 a 59 años,Mujeres,8111,576,50,28
2020-11-19,De 60 a 64 años,Hombres,5856,1121,174,125
2020-11-19,De 60 a 64 años,Mujeres,6045,696,63,60
2020-11-19,De 65 a 69 años,Hombres,4210,1052,188,146
2020-11-19,De 65 a 69 años,Mujeres,4122,664,63,52
2020-11-19,De 70 a 74 años,Hombres,3347,1095,171,203
2020-11-19,De 70 a 74 años,Mujeres,3542,773,80,114
2020-11-19,De 75 a 79 años,Hombres,2767,1093,141,335
2020-11-19,De 75 a 79 años,Mujeres,3187,874,69,199
2020-11-19,De 80 a 84 años,Hombres,2186,935,36,349
2020-11-19,De 80 a 84 años,Mujeres,3330,960,19,303
2020-11-19,De 85 a 89 años,Hombres,1736,761,4,365
2020-11-19,De 85 a 89 años,Mujeres,3156,871,1,401
2020-11-19,De 90 a 94 años,Hombres,670,287,2,164
2020-11-19,De 90 a 94 años,Mujeres,1833,456,0,295
2020-11-19,De 95 a 99 años,Hombres,125,54,0,49
2020-11-19,De 95 a 99 años,Mujeres,545,136,0,113
2020-11-26,De 0 a 4 años,Hombres,2753,56,3,0
2020-11-26,De 0 a 4 años,Mujeres,2684,35,2,0
2020-11-26,De 10 a 14 años,Hombres,5604,13,3,0
2020-11-26,De 10 a 14 años,Mujeres,5474,15,0,0
2020-11-26,De 100 y más años,Hombres,12,1,0,1
2020-11-26,De 100 y más años,Mujeres,81,11,0,19
2020-11-26,De 15 a 19 años,Hombres,6887,29,5,4
2020-11-26,De 15 a 19 años,Mujeres,7045,41,1,0
2020-11-26,De 20 a 24 años,Hombres,7575,77,8,4
2020-11-26,De 20 a 24 años,Mujeres,8450,103,3,3
2020-11-26,De 25 a 29 años,Hombres,7916,115,10,3
2020-11-26,De 25 a 29 años,Mujeres,8929,139,7,2
2020-11-26,De 30 a 34 años,Hombres,7459,163,13,8
2020-11-26,De 30 a 34 años,Mujeres,8632,229,13,2
2020-11-26,De 35 a 39 años,Hombres,7948,314,28,7
2020-11-26,De 35 a 39 años,Mujeres,8911,251,11,3
2020-11-26,De 40 a 44 años,Hombres,8888,474,34,5
2020-11-26,De 40 a 44 años,Mujeres,10144,317,15,8
2020-11-26,De 45 a 49 años,Hombres,8985,732,81,33
2020-11-26,De 45 a 49 años,Mujeres,10351,400,30,13
2020-11-26,De 5 a 9 años,Hombres,3785,10,0,0
2020-11-26,De 5 a 9 años,Mujeres,3743,9,0,0
2020-11-26,De 50 a 54 años,Hombres,8645,971,142,57
2020-11-26,De 50 a 54 años,Mujeres,9934,528,32,14
2020-11-26,De 55 a 59 años,Hombres,7719,1052,147,74
2020-11-26,De 55 a 59 años,Mujeres,8715,625,56,30
2020-11-26,De 60 a 64 años,Hombres,6305,1208,189,137
2020-11-26,De 60 a 64 años,Mujeres,6559,750,74,67
2020-11-26,De 65 a 69 años,Hombres,4557,1143,211,170
2020-11-26,De 65 a 69 años,Mujeres,4440,718,67,56
2020-11-26,De 70 a 74 años,Hombres,3613,1184,180,232
2020-11-26,De 70 a 74 años,Mujeres,3808,830,90,121
2020-11-26,De 75 a 79 años,Hombres,2971,1186,148,363
2020-11-26,De 75 a 79 años,Mujeres,3440,957,74,224
2020-11-26,De 80 a 84 años,Hombres,2341,1031,40,396
2020-11-26,De 80 a 84 años,Mujeres,3534,1034,20,322
2020-11-26,De 85 a 89 años,Hombres,1853,832,4,407
2020-11-26,De 85 a 89 años,Mujeres,3343,969,1,453
2020-11-26,De 90 a 94 años,Hombres,718,306,2,183
2020-11-26,De 90 a 94 años,Mujeres,1940,492,0,324
2020-11-26,De 95 a 99 años,Hombres,131,59,0,54
2020-11-26,De 95 a 99 años,Mujeres,575,148,0,125
2020-12-03,De 0 a 4 años,Hombres,2895,57,3,0
2020-12-03,De 0 a 4 años,Mujeres,2798,39,3,0
2020-12-03,De 10 a 14 años,Hombres,5852,16,4,0
2020-12-03,De 10 a 14 años,Mujeres,5739,19,0,0
2020-12-03,De 100 y más años,Hombres,12,1,0,2
2020-12-03,De 100 y más años,Mujeres,82,13,0,20
2020-12-03,De 15 a 19 años,Hombres,7169,31,5,4
2020-12-03,De 15 a 19 años,Mujeres,7304,44,1,0
2020-12-03,De 20 a 24 años,Hombres,7848,87,9,4
2020-12-03,De 20 a 24 años,Mujeres,8739,107,3,2
2020-12-03,De 25 a 29 años,Hombres,8205,121,11,4
2020-12-03,De 25 a 29 años,Mujeres,9244,150,7,2
2020-12-03,De 30 a 34 años,Hombres,7721,179,14,7
2020-12-03,De 30 a 34 años,Mujeres,8996,251,13,3
2020-12-03,De 35 a 39 años,Hombres,8243,338,31,8
2020-12-03,De 35 a 39 años,Mujeres,9277,275,11,2
2020-12-03,De 40 a 44 años,Hombres,9237,511,38,8
2020-12-03,De 40 a 44 años,Mujeres,10559,342,15,9
2020-12-03,De 45 a 49 años,Hombres,9314,801,86,39
2020-12-03,De 45 a 49 años,Mujeres,10779,426,32,16
2020-12-03,De 5 a 9 años,Hombres,3957,10,0,0
2020-12-03,De 5 a 9 años,Mujeres,3911,10,0,0
2020-12-03,De 50 a 54 años,Hombres,8991,1044,154,68
2020-12-03,De 50 a 54 años,Mujeres,10338,569,36,18
2020-12-03,De 55 a 59 años,Hombres,8036,1165,162,83
2020-12-03,De 55 a 59 años,Mujeres,9099,690,64,36
2020-12-03,De 60 a 64 años,Hombres,6551,1336,207,151
2020-12-03,De 60 a 64 años,Mujeres,6854,839,85,75
2020-12-03,De 65 a 69 años,Hombres,4732,1267,233,196
2020-12-03,De 65 a 69 años,Mujeres,4602,786,77,64
2020-12-03,De 70 a 74 años,Hombres,3774,1291,206,253
2020-12-03,De 70 a 74 años,Mujeres,3978,905,99,137
2020-12-03,De 75 a 79 años,Hombres,3103,1296,167,397
2020-12-03,De 75 a 79 años,Mujeres,3566,1057,81,240
2020-12-03,De 80 a 84 años,Hombres,2427,1124,41,433
2020-12-03,De 80 a 84 años,Mujeres,3667,1154,20,354
2020-12-03,De 85 a 89 años,Hombres,1917,914,4,452
2020-12-03,De 85 a 89 años,Mujeres,3450,1069,2,491
2020-12-03,De 90 a 94 años,Hombres,750,340,2,200
2020-12-03,De 90 a 94 años,Mujeres,2012,539,0,350
2020-12-03,De 95 a 99 años,Hombres,141,62,0,57
2020-12-03,De 95 a 99 años,Mujeres,596,160,0,129
2020-12-10,De 0 a 4 años,Hombres,2977,59,4,0
2020-12-10,De 0 a 4 años,Mujeres,2896,40,3,0
2020-12-10,De 10 a 14 años,Hombres,6019,17,4,0
2020-12-10,De 10 a 14 años,Mujeres,5897,22,0,0
2020-12-10,De 100 y más años,Hombres,12,1,0,2
2020-12-10,De 100 y más años,Mujeres,82,13,0,20
2020-12-10,De 15 a 19 años,Hombres,7349,31,6,4
2020-12-10,De 15 a 19 años,Mujeres,7492,46,1,0
2020-12-10,De 20 a 24 años,Hombres,7998,87,9,4
2020-12-10,De 20 a 24 años,Mujeres,8916,109,3,3
2020-12-10,De 25 a 29 años,Hombres,8379,126,11,4
2020-12-10,De 25 a 29 años,Mujeres,9453,159,9,3
2020-12-10,De 30 a 34 años,Hombres,7902,185,14,7
2020-12-10,De 30 a 34 años,Mujeres,9226,262,16,3
2020-12-10,De 35 a 39 años,Hombres,8437,345,33,10
2020-12-10,De 35 a 39 años,Mujeres,9482,284,11,3
2020-12-10,De 40 a 44 años,Hombres,9421,524,40,10
2020-12-10,De 40 a 44 años,Mujeres,10806,351,16,9
2020-12-10,De 45 a 49 años,Hombres,9552,820,91,40
2020-12-10,De 45 a 49 años,Mujeres,11048,437,33,18
2020-12-10,De 5 a 9 años,Hombres,4086,11,0,0
2020-12-10,De 5 a 9 años,Mujeres,4016,12,0,0
2020-12-10,De 50 a 54 años,Hombres,9194,1069,163,72
2020-12-10,De 50 a 54 años,Mujeres,10548,579,40,19
2020-12-10,De 55 a 59 años,Hombres,8216,1190,177,91
2020-12-10,De 55 a 59 años,Mujeres,9303,713,71,37
2020-12-10,De 60 a 64 años,Hombres,6693,1381,228,159
2020-12-10,De 60 a 64 años,Mujeres,6987,868,93,81
2020-12-10,De 65 a 69 años,Hombres,4834,1319,250,213
2020-12-10,De 65 a 69 años,Mujeres,4712,802,83,70
2020-12-10,De 70 a 74 años,Hombres,3864,1340,225,275
2020-12-10,De 70 a 74 años,Mujeres,4085,932,106,147
2020-12-10,De 75 a 79 años,Hombres,3176,1345,173,415
2020-12-10,De 75 a 79 años,Mujeres,3661,1094,83,253
2020-12-10,De 80 a 84 años,Hombres,2479,1156,43,453
2020-12-10,De 80 a 84 años,Mujeres,3739,1188,22,369
2020-12-10,De 85 a 89 años,Hombres,1950,950,6,472
2020-12-10,De 85 a 89 años,Mujeres,3501,1106,2,515
2020-12-10,De 90 a 94 años,Hombres,772,349,3,210
2020-12-10,De 90 a 94 años,Mujeres,2052,557,0,363
2020-12-10,De 95 a 99 años,Hombres,148,65,0,58
2020-12-10,De 95 a 99 años,Mujeres,605,169,0,136
2020-12-17,De 0 a 4 años,Hombres,3066,60,4,0
2020-12-17,De 0 a 4 años,Mujeres,3006,42,3,0
2020-12-17,De 10 a 14 años,Hombres,6224,17,4,0
2020-12-17,De 10 a 14 años,Mujeres,6108,23,0,0
2020-12-17,De 100 y más años,Hombres,13,1,0,4
2020-12-17,De 100 y más años,Mujeres,82,13,0,20
2020-12-17,De 15 a 19 años,Hombres,7578,32,6,4
2020-12-17,De 15 a 19 años,Mujeres,7700,46,1,0
2020-12-17,De 20 a 24 años,Hombres,8220,88,9,4
2020-12-17,De 20 a 24 años,Mujeres,9137,111,3,3
2020-12-17,De 25 a 29 años,Hombres,8604,127,11,4
2020-12-17,De 25 a 29 años,Mujeres,9701,166,11,3
2020-12-17,De 30 a 34 años,Hombres,8133,187,16,7
2020-12-17,De 30 a 34 años,Mujeres,9475,265,17,4
2020-12-17,De 35 a 39 años,Hombres,8677,347,33,9
2020-12-17,De 35 a 39 años,Mujeres,9762,293,16,3
2020-12-17,De 40 a 44 años,Hombres,9719,532,41,10
2020-12-17,De 40 a 44 años,Mujeres,11114,362,18,9
2020-12-17,De 45 a 49 años,Hombres,9857,841,95,42
2020-12-17,De 45 a 49 años,Mujeres,11388,445,34,18
2020-12-17,De 5 a 9 años,Hombres,4233,13,0,0
2020-12-17,De 5 a 9 años,Mujeres,4168,13,0,0
2020-12-17,De 50 a 54 años,Hombres,9453,1093,172,74
2020-12-17,De 50 a 54 años,Mujeres,10859,593,43,20
2020-12-17,De 55 a 59 años,Hombres,8459,1226,190,94
2020-12-17,De 55 a 59 años,Mujeres,9554,725,77,40
2020-12-17,De 60 a 64 años,Hombres,6871,1412,240,170
2020-12-17,De 60 a 64 años,Mujeres,7177,896,97,83
2020-12-17,De 65 a 69 años,Hombres,4946,1340,260,223
2020-12-17,De 65 a 69 años,Mujeres,4858,822,88,73
2020-12-17,De 70 a 74 años,Hombres,3980,1378,235,294
2020-12-17,De 70 a 74 años,Mujeres,4195,956,111,154
2020-12-17,De 75 a 79 años,Hombres,3269,1375,179,432
2020-12-17,De 75 a 79 años,Mujeres,3776,1129,88,271
2020-12-17,De 80 a 84 años,Hombres,2548,1183,46,468
2020-12-17,De 80 a 84 años,Mujeres,3836,1228,22,383
2020-12-17,De 85 a 89 años,Hombres,1995,967,6,489
2020-12-17,De 85 a 89 años,Mujeres,3606,1137,3,532
2020-12-17,De 90 a 94 años,Hombres,795,356,3,219
2020-12-17,De 90 a 94 años,Mujeres,2105,575,0,382
2020-12-17,De 95 a 99 años,Hombres,151,67,0,59
2020-12-17,De 95 a 99 años,Mujeres,617,174,0,147
2020-12-27,De 0 a 4 años,Hombres,3194,63,4,0
2020-12-27,De 0 a 4 años,Mujeres,3140,45,3,0
2020-12-27,De 10 a 14 años,Hombres,6420,18,4,0
2020-12-27,De 10 a 14 años,Mujeres,6308,23,0,0
2020-12-27,De 100 y más años,Hombres,14,1,0,4
2020-12-27,De 100 y más años,Mujeres,84,13,0,20
2020-12-27,De 15 a 19 años,Hombres,7830,34,7,4
2020-12-27,De 15 a 19 años,Mujeres,7939,47,1,0
2020-12-27,De 20 a 24 años,Hombres,8446,90,9,5
2020-12-27,De 20 a 24 años,Mujeres,9403,113,4,3
2020-12-27,De 25 a 29 años,Hombres,8874,130,12,4
2020-12-27,De 25 a 29 años,Mujeres,10000,170,11,3
2020-12-27,De 30 a 34 años,Hombres,8415,193,17,8
2020-12-27,De 30 a 34 años,Mujeres,9823,271,17,4
2020-12-27,De 35 a 39 años,Hombres,8977,356,34,9
2020-12-27,De 35 a 39 años,Mujeres,10138,300,17,3
2020-12-27,De 40 a 44 años,Hombres,10018,547,42,14
2020-12-27,De 40 a 44 años,Mujeres,11433,371,19,9
2020-12-27,De 45 a 49 años,Hombres,10199,851,97,44
2020-12-27,De 45 a 49 años,Mujeres,11755,457,35,19
2020-12-27,De 5 a 9 años,Hombres,4407,15,0,0
2020-12-27,De 5 a 9 años,Mujeres,4337,13,0,0
2020-12-27,De 50 a 54 años,Hombres,9757,1112,177,77
2020-12-27,De 50 a 54 años,Mujeres,11201,602,50,25
2020-12-27,De 55 a 59 años,Hombres,8718,1259,199,104
2020-12-27,De 55 a 59 años,Mujeres,9880,744,84,43
2020-12-27,De 60 a 64 años,Hombres,7064,1436,250,185
2020-12-27,De 60 a 64 años,Mujeres,7405,912,101,96
2020-12-27,De 65 a 69 años,Hombres,5112,1372,272,245
2020-12-27,De 65 a 69 años,Mujeres,5033,841,99,80
2020-12-27,De 70 a 74 años,Hombres,4118,1422,251,324
2020-12-27,De 70 a 74 años,Mujeres,4328,977,120,166
2020-12-27,De 75 a 79 años,Hombres,3371,1408,189,452
2020-12-27,De 75 a 79 años,Mujeres,3905,1150,91,281
2020-12-27,De 80 a 84 años,Hombres,2615,1212,52,501
2020-12-27,De 80 a 84 años,Mujeres,3928,1260,22,407
2020-12-27,De 85 a 89 años,Hombres,2036,986,6,524
2020-12-27,De 85 a 89 años,Mujeres,3723,1167,3,561
2020-12-27,De 90 a 94 años,Hombres,817,365,3,228
2020-12-27,De 90 a 94 años,Mujeres,2169,585,0,401
2020-12-27,De 95 a 99 años,Hombres,160,69,0,61
2020-12-27,De 95 a 99 años,Mujeres,632,177,0,153
2020-12-30,De 0 a 4 años,Hombres,3247,64,4,0
2020-12-30,De 0 a 4 años,Mujeres,3192,46,3,0
2020-12-30,De 10 a 14 años,Hombres,6499,19,4,0
2020-12-30,De 10 a 14 años,Mujeres,6380,23,0,0
2020-12-30,De 100 y más años,Hombres,14,1,0,4
2020-12-30,De 100 y más años,Mujeres,84,13,0,20
2020-12-30,De 15 a 19 años,Hombres,7933,34,7,4
2020-12-30,De 15 a 19 años,Mujeres,8064,47,1,0
2020-12-30,De 20 a 24 años,Hombres,8594,91,9,5
2020-12-30,De 20 a 24 años,Mujeres,9565,115,4,4
2020-12-30,De 25 a 29 años,Hombres,9043,131,12,4
2020-12-30,De 25 a 29 años,Mujeres,10180,171,11,3
2020-12-30,De 30 a 34 años,Hombres,8570,196,17,8
2020-12-30,De 30 a 34 años,Mujeres,10005,274,17,4
2020-12-30,De 35 a 39 años,Hombres,9124,360,34,9
2020-12-30,De 35 a 39 años,Mujeres,10303,305,18,3
2020-12-30,De 40 a 44 años,Hombres,10199,552,44,16
2020-12-30,De 40 a 44 años,Mujeres,11595,375,19,9
2020-12-30,De 45 a 49 años,Hombres,10363,856,99,44
2020-12-30,De 45 a 49 años,Mujeres,11930,461,35,19
2020-12-30,De 5 a 9 años,Hombres,4483,16,0,0
2020-12-30,De 5 a 9 años,Mujeres,4400,13,0,0
2020-12-30,De 50 a 54 años,Hombres,9895,1122,178,78
2020-12-30,De 50 a 54 años,Mujeres,11370,608,51,25
2020-12-30,De 55 a 59 años,Hombres,8830,1264,200,106
2020-12-30,De 55 a 59 años,Mujeres,10019,753,85,45
2020-12-30,De 60 a 64 años,Hombres,7165,1451,260,188
2020-12-30,De 60 a 64 años,Mujeres,7496,916,103,97
2020-12-30,De 65 a 69 años,Hombres,5198,1387,278,253
2020-12-30,De 65 a 69 años,Mujeres,5108,853,100,82
2020-12-30,De 70 a 74 años,Hombres,4174,1440,260,334
2020-12-30,De 70 a 74 años,Mujeres,4385,985,122,168
2020-12-30,De 75 a 79 años,Hombres,3412,1421,191,459
2020-12-30,De 75 a 79 años,Mujeres,3963,1170,92,286
2020-12-30,De 80 a 84 años,Hombres,2629,1226,53,505
2020-12-30,De 80 a 84 años,Mujeres,3977,1277,22,412
2020-12-30,De 85 a 89 años,Hombres,2054,995,6,531
2020-12-30,De 85 a 89 años,Mujeres,3767,1188,3,576
2020-12-30,De 90 a 94 años,Hombres,828,371,3,231
2020-12-30,De 90 a 94 años,Mujeres,2191,592,0,406
2020-12-30,De 95 a 99 años,Hombres,164,71,0,62
2020-12-30,De 95 a 99 años,Mujeres,634,180,0,155
2021-01-07,De 0 a 4 años,Hombres,3391,67,4,0
2021-01-07,De 0 a 4 años,Mujeres,3323,48,3,0
2021-01-07,De 10 a 14 años,Hombres,6765,21,4,0
2021-01-07,De 10 a 14 años,Mujeres,6662,23,0,0
2021-01-07,De 100 y más años,Hombres,14,1,0,5
2021-01-07,De 100 y más años,Mujeres,89,13,0,20
2021-01-07,De 15 a 19 años,Hombres,8329,35,7,4
2021-01-07,De 15 a 19 años,Mujeres,8521,49,1,0
2021-01-07,De 20 a 24 años,Hombres,9117,94,9,5
2021-01-07,De 20 a 24 años,Mujeres,10105,118,4,4
2021-01-07,De 25 a 29 años,Hombres,9563,133,13,4
2021-01-07,De 25 a 29 años,Mujeres,10757,177,11,4
2021-01-07,De 30 a 34 años,Hombres,9051,199,17,8
2021-01-07,De 30 a 34 años,Mujeres,10550,278,18,4
2021-01-07,De 35 a 39 años,Hombres,9656,372,34,9
2021-01-07,De 35 a 39 años,Mujeres,10857,314,18,3
2021-01-07,De 40 a 44 años,Hombres,10692,570,46,16
2021-01-07,De 40 a 44 años,Mujeres,12209,378,19,9
2021-01-07,De 45 a 49 años,Hombres,10853,868,100,46
2021-01-07,De 45 a 49 años,Mujeres,12452,474,35,19
2021-01-07,De 5 a 9 años,Hombres,4681,16,0,0
2021-01-07,De 5 a 9 años,Mujeres,4628,13,0,0
2021-01-07,De 50 a 54 años,Hombres,10340,1144,181,79
2021-01-07,De 50 a 54 años,Mujeres,11929,622,52,26
2021-01-07,De 55 a 59 años,Hombres,9247,1297,204,113
2021-01-07,De 55 a 59 años,Mujeres,10456,763,86,47
2021-01-07,De 60 a 64 años,Hombres,7469,1487,266,195
2021-01-07,De 60 a 64 años,Mujeres,7837,932,105,97
2021-01-07,De 65 a 69 años,Hombres,5437,1425,283,266
2021-01-07,De 65 a 69 años,Mujeres,5359,875,104,86
2021-01-07,De 70 a 74 años,Hombres,4363,1477,263,349
2021-01-07,De 70 a 74 años,Mujeres,4607,1007,123,171
2021-01-07,De 75 a 79 años,Hombres,3550,1450,194,464
2021-01-07,De 75 a 79 años,Mujeres,4141,1200,93,295
2021-01-07,De 80 a 84 años,Hombres,2734,1241,55,518
2021-01-07,De 80 a 84 años,Mujeres,4134,1305,22,421
2021-01-07,De 85 a 89 años,Hombres,2131,1024,6,544
2021-01-07,De 85 a 89 años,Mujeres,3895,1220,3,589
2021-01-07,De 90 a 94 años,Hombres,857,380,3,237
2021-01-07,De 90 a 94 años,Mujeres,2251,602,0,410
2021-01-07,De 95 a 99 años,Hombres,174,75,0,66
2021-01-07,De 95 a 99 años,Mujeres,648,183,0,157
2021-01-14,De 0 a 4 años,Hombres,3797,69,4,0
2021-01-14,De 0 a 4 años,Mujeres,3710,52,3,0
2021-01-14,De 10 a 14 años,Hombres,7553,23,5,0
2021-01-14,De 10 a 14 años,Mujeres,7414,23,0,0
2021-01-14,De 100 y más años,Hombres,16,1,0,5
2021-01-14,De 100 y más años,Mujeres,100,14,0,22
2021-01-14,De 15 a 19 años,Hombres,9366,35,7,4
2021-01-14,De 15 a 19 años,Mujeres,9613,50,1,0
2021-01-14,De 20 a 24 años,Hombres,10297,97,9,5
2021-01-14,De 20 a 24 años,Mujeres,11405,122,4,4
2021-01-14,De 25 a 29 años,Hombres,10822,141,13,4
2021-01-14,De 25 a 29 años,Mujeres,12165,187,11,4
2021-01-14,De 30 a 34 años,Hombres,10177,208,17,8
2021-01-14,De 30 a 34 años,Mujeres,11870,286,18,5
2021-01-14,De 35 a 39 años,Hombres,10751,380,35,9
2021-01-14,De 35 a 39 años,Mujeres,12098,326,19,4
2021-01-14,De 40 a 44 años,Hombres,11862,588,48,17
2021-01-14,De 40 a 44 años,Mujeres,13564,389,21,9
2021-01-14,De 45 a 49 años,Hombres,12101,894,108,47
2021-01-14,De 45 a 49 años,Mujeres,13855,486,37,19
2021-01-14,De 5 a 9 años,Hombres,5261,16,0,0
2021-01-14,De 5 a 9 años,Mujeres,5200,13,0,0
2021-01-14,De 50 a 54 años,Hombres,11498,1189,188,81
2021-01-14,De 50 a 54 años,Mujeres,13311,648,55,27
2021-01-14,De 55 a 59 años,Hombres,10305,1362,214,124
2021-01-14,De 55 a 59 años,Mujeres,11548,792,94,49
2021-01-14,De 60 a 64 años,Hombres,8292,1556,278,205
2021-01-14,De 60 a 64 años,Mujeres,8713,976,112,102
2021-01-14,De 65 a 69 años,Hombres,6015,1501,298,273
2021-01-14,De 65 a 69 años,Mujeres,5929,904,108,90
2021-01-14,De 70 a 74 años,Hombres,4799,1534,272,358
2021-01-14,De 70 a 74 años,Mujeres,5035,1055,127,176
2021-01-14,De 75 a 79 años,Hombres,3866,1506,201,484
2021-01-14,De 75 a 79 años,Mujeres,4538,1245,98,314
2021-01-14,De 80 a 84 años,Hombres,2983,1299,56,541
2021-01-14,De 80 a 84 años,Mujeres,4501,1350,24,436
2021-01-14,De 85 a 89 años,Hombres,2309,1073,6,560
2021-01-14,De 85 a 89 años,Mujeres,4253,1294,3,613
2021-01-14,De 90 a 94 años,Hombres,927,403,3,251
2021-01-14,De 90 a 94 años,Mujeres,2425,629,0,429
2021-01-14,De 95 a 99 años,Hombres,193,78,0,70
2021-01-14,De 95 a 99 años,Mujeres,701,195,0,164
2021-01-21,De 0 a 4 años,Hombres,4486,73,4,0
2021-01-21,De 0 a 4 años,Mujeres,4321,55,3,0
2021-01-21,De 10 a 14 años,Hombres,8722,23,5,0
2021-01-21,De 10 a 14 años,Mujeres,8550,23,0,1
2021-01-21,De 100 y más años,Hombres,17,1,0,5
2021-01-21,De 100 y más años,Mujeres,108,15,0,22
2021-01-21,De 15 a 19 años,Hombres,10688,36,8,4
2021-01-21,De 15 a 19 años,Mujeres,11059,54,1,0
2021-01-21,De 20 a 24 años,Hombres,11578,105,9,6
2021-01-21,De 20 a 24 años,Mujeres,12864,129,5,5
2021-01-21,De 25 a 29 años,Hombres,12281,144,13,4
2021-01-21,De 25 a 29 años,Mujeres,13873,193,11,4
2021-01-21,De 30 a 34 años,Hombres,11575,215,17,8
2021-01-21,De 30 a 34 años,Mujeres,13431,293,18,6
2021-01-21,De 35 a 39 años,Hombres,12146,400,36,10
2021-01-21,De 35 a 39 años,Mujeres,13779,342,19,4
2021-01-21,De 40 a 44 años,Hombres,13514,626,53,18
2021-01-21,De 40 a 44 años,Mujeres,15417,407,21,9
2021-01-21,De 45 a 49 años,Hombres,13702,941,111,47
2021-01-21,De 45 a 49 años,Mujeres,15732,516,37,21
2021-01-21,De 5 a 9 años,Hombres,6135,18,0,1
2021-01-21,De 5 a 9 años,Mujeres,6046,15,0,0
2021-01-21,De 50 a 54 años,Hombres,13056,1266,197,85
2021-01-21,De 50 a 54 años,Mujeres,15217,683,57,29
2021-01-21,De 55 a 59 años,Hombres,11703,1441,222,127
2021-01-21,De 55 a 59 años,Mujeres,13119,849,98,53
2021-01-21,De 60 a 64 años,Hombres,9388,1645,289,215
2021-01-21,De 60 a 64 años,Mujeres,9835,1032,118,108
2021-01-21,De 65 a 69 años,Hombres,6795,1601,311,287
2021-01-21,De 65 a 69 años,Mujeres,6706,961,112,98
2021-01-21,De 70 a 74 años,Hombres,5434,1629,285,382
2021-01-21,De 70 a 74 años,Mujeres,5656,1115,130,184
2021-01-21,De 75 a 79 años,Hombres,4294,1594,207,505
2021-01-21,De 75 a 79 años,Mujeres,5076,1319,99,330
2021-01-21,De 80 a 84 años,Hombres,3344,1394,60,571
2021-01-21,De 80 a 84 años,Mujeres,4963,1433,24,459
2021-01-21,De 85 a 89 años,Hombres,2525,1139,7,587
2021-01-21,De 85 a 89 años,Mujeres,4714,1369,3,650
2021-01-21,De 90 a 94 años,Hombres,1014,426,3,266
2021-01-21,De 90 a 94 años,Mujeres,2685,660,0,451
2021-01-21,De 95 a 99 años,Hombres,210,81,0,76
2021-01-21,De 95 a 99 años,Mujeres,758,206,0,169
2021-01-28,De 0 a 4 años,Hombres,5178,78,4,0
2021-01-28,De 0 a 4 años,Mujeres,4977,59,3,0
2021-01-28,De 10 a 14 años,Hombres,9994,27,5,0
2021-01-28,De 10 a 14 años,Mujeres,9850,24,1,1
2021-01-28,De 100 y más años,Hombres,18,1,0,5
2021-01-28,De 100 y más años,Mujeres,118,19,0,24
2021-01-28,De 15 a 19 años,Hombres,11976,40,8,4
2021-01-28,De 15 a 19 años,Mujeres,12304,58,1,1
2021-01-28,De 20 a 24 años,Hombres,12699,107,9,6
2021-01-28,De 20 a 24 años,Mujeres,14115,135,7,5
2021-01-28,De 25 a 29 años,Hombres,13491,156,14,4
2021-01-28,De 25 a 29 años,Mujeres,15252,208,11,4
2021-01-28,De 30 a 34 años,Hombres,12883,235,19,8
2021-01-28,De 30 a 34 años,Mujeres,14991,312,20,7
2021-01-28,De 35 a 39 años,Hombres,13606,436,40,10
2021-01-28,De 35 a 39 años,Mujeres,15483,363,21,5
2021-01-28,De 40 a 44 años,Hombres,15238,683,62,19
2021-01-28,De 40 a 44 años,Mujeres,17379,437,22,10
2021-01-28,De 45 a 49 años,Hombres,15518,1040,121,49
2021-01-28,De 45 a 49 años,Mujeres,17722,567,45,21
2021-01-28,De 5 a 9 años,Hombres,7098,19,0,2
2021-01-28,De 5 a 9 años,Mujeres,6997,17,0,0
2021-01-28,De 50 a 54 años,Hombres,14710,1380,217,95
2021-01-28,De 50 a 54 años,Mujeres,17131,739,58,29
2021-01-28,De 55 a 59 años,Hombres,13175,1584,246,133
2021-01-28,De 55 a 59 años,Mujeres,14721,934,105,54
2021-01-28,De 60 a 64 años,Hombres,10586,1794,312,235
2021-01-28,De 60 a 64 años,Mujeres,11060,1124,126,116
2021-01-28,De 65 a 69 años,Hombres,7628,1763,339,306
2021-01-28,De 65 a 69 años,Mujeres,7536,1050,126,106
2021-01-28,De 70 a 74 años,Hombres,6106,1784,301,416
2021-01-28,De 70 a 74 años,Mujeres,6354,1217,144,199
2021-01-28,De 75 a 79 años,Hombres,4821,1772,224,560
2021-01-28,De 75 a 79 años,Mujeres,5689,1443,102,358
2021-01-28,De 80 a 84 años,Hombres,3747,1528,63,625
2021-01-28,De 80 a 84 años,Mujeres,5481,1576,26,510
2021-01-28,De 85 a 89 años,Hombres,2816,1250,7,644
2021-01-28,De 85 a 89 años,Mujeres,5107,1476,3,701
2021-01-28,De 90 a 94 años,Hombres,1125,472,3,293
2021-01-28,De 90 a 94 años,Mujeres,2906,717,0,480
2021-01-28,De 95 a 99 años,Hombres,233,91,0,81
2021-01-28,De 95 a 99 años,Mujeres,830,218,0,178
