Territorio;Edad;Sexo;Medida;Valor;
Almería;TOTAL;Ambos sexos;Nº casos;196;
Almería;TOTAL;Hombres;Nº casos;102;
Almería;TOTAL;Mujeres;Nº casos;94;
Almería;De 15 a 29 años;Ambos sexos;Nº casos;18;
Almería;De 15 a 29 años;Hombres;Nº casos;13;
Almería;De 15 a 29 años;Mujeres;Nº casos;5;
Almería;De 30 a 44 años;Ambos sexos;Nº casos;38;
Almería;De 30 a 44 años;Hombres;Nº casos;19;
Almería;De 30 a 44 años;Mujeres;Nº casos;19;
Almería;De 45 a 64 años;Ambos sexos;Nº casos;55;
Almería;De 45 a 64 años;Hombres;Nº casos;25;
Almería;De 45 a 64 años;Mujeres;Nº casos;30;
Almería;De 65 a 84 años;Ambos sexos;Nº casos;51;
Almería;De 65 a 84 años;Hombres;Nº casos;29;
Almería;De 65 a 84 años;Mujeres;Nº casos;22;
Almería;De 85 y más años;Ambos sexos;Nº casos;34;
Almería;De 85 y más años;Hombres;Nº casos;16;
Almería;De 85 y más años;Mujeres;Nº casos;18;
Levante-Alto Almanzora;TOTAL;Ambos sexos;Nº casos;81;
Levante-Alto Almanzora;TOTAL;Hombres;Nº casos;45;
Levante-Alto Almanzora;TOTAL;Mujeres;Nº casos;36;
Levante-Alto Almanzora;De 15 a 29 años;Ambos sexos;Nº casos;6;
Levante-Alto Almanzora;De 15 a 29 años;Hombres;Nº casos;2;
Levante-Alto Almanzora;De 15 a 29 años;Mujeres;Nº casos;4;
Levante-Alto Almanzora;De 30 a 44 años;Ambos sexos;Nº casos;10;
Levante-Alto Almanzora;De 30 a 44 años;Hombres;Nº casos;5;
Levante-Alto Almanzora;De 30 a 44 años;Mujeres;Nº casos;5;
Levante-Alto Almanzora;De 45 a 64 años;Ambos sexos;Nº casos;29;
Levante-Alto Almanzora;De 45 a 64 años;Hombres;Nº casos;17;
Levante-Alto Almanzora;De 45 a 64 años;Mujeres;Nº casos;12;
Levante-Alto Almanzora;De 65 a 84 años;Ambos sexos;Nº casos;30;
Levante-Alto Almanzora;De 65 a 84 años;Hombres;Nº casos;16;
Levante-Alto Almanzora;De 65 a 84 años;Mujeres;Nº casos;14;
Levante-Alto Almanzora;De 85 y más años;Ambos sexos;Nº casos;6;
Levante-Alto Almanzora;De 85 y más años;Hombres;Nº casos;5;
Levante-Alto Almanzora;De 85 y más años;Mujeres;Nº casos;1;
Poniente de Almería;TOTAL;Ambos sexos;Nº casos;184;
Poniente de Almería;TOTAL;Hombres;Nº casos;76;
Poniente de Almería;TOTAL;Mujeres;Nº casos;108;
Poniente de Almería;De 15 a 29 años;Ambos sexos;Nº casos;14;
Poniente de Almería;De 15 a 29 años;Hombres;Nº casos;3;
Poniente de Almería;De 15 a 29 años;Mujeres;Nº casos;11;
Poniente de Almería;De 30 a 44 años;Ambos sexos;Nº casos;36;
Poniente de Almería;De 30 a 44 años;Hombres;Nº casos;18;
Poniente de Almería;De 30 a 44 años;Mujeres;Nº casos;18;
Poniente de Almería;De 45 a 64 años;Ambos sexos;Nº casos;54;
Poniente de Almería;De 45 a 64 años;Hombres;Nº casos;25;
Poniente de Almería;De 45 a 64 años;Mujeres;Nº casos;29;
Poniente de Almería;De 65 a 84 años;Ambos sexos;Nº casos;59;
Poniente de Almería;De 65 a 84 años;Hombres;Nº casos;25;
Poniente de Almería;De 65 a 84 años;Mujeres;Nº casos;34;
Poniente de Almería;De 85 y más años;Ambos sexos;Nº casos;21;
Poniente de Almería;De 85 y más años;Hombres;Nº casos;5;
Poniente de Almería;De 85 y más años;Mujeres;Nº casos;16;
Campo de Gibraltar;TOTAL;Ambos sexos;Nº casos;190;
Campo de Gibraltar;TOTAL;Hombres;Nº casos;94;
Campo de Gibraltar;TOTAL;Mujeres;Nº casos;96;
Campo de Gibraltar;De 0 a 14 años;Ambos sexos;Nº casos;1;
Campo de Gibraltar;De 0 a 14 años;Hombres;Nº casos;1;
Campo de Gibraltar;De 0 a 14 años;Mujeres;Nº casos;;
Campo de Gibraltar;De 15 a 29 años;Ambos sexos;Nº casos;8;
Campo de Gibraltar;De 15 a 29 años;Hombres;Nº casos;2;
Campo de Gibraltar;De 15 a 29 años;Mujeres;Nº casos;6;
Campo de Gibraltar;De 30 a 44 años;Ambos sexos;Nº casos;31;
Campo de Gibraltar;De 30 a 44 años;Hombres;Nº casos;11;
Campo de Gibraltar;De 30 a 44 años;Mujeres;Nº casos;20;
Campo de Gibraltar;De 45 a 64 años;Ambos sexos;Nº casos;85;
Campo de Gibraltar;De 45 a 64 años;Hombres;Nº casos;43;
Campo de Gibraltar;De 45 a 64 años;Mujeres;Nº casos;42;
Campo de Gibraltar;De 65 a 84 años;Ambos sexos;Nº casos;49;
Campo de Gibraltar;De 65 a 84 años;Hombres;Nº casos;33;
Campo de Gibraltar;De 65 a 84 años;Mujeres;Nº casos;16;
Campo de Gibraltar;De 85 y más años;Ambos sexos;Nº casos;16;
Campo de Gibraltar;De 85 y más años;Hombres;Nº casos;4;
Campo de Gibraltar;De 85 y más años;Mujeres;Nº casos;12;
Bahía de Cádiz-La Janda;TOTAL;Ambos sexos;Nº casos;494;
Bahía de Cádiz-La Janda;TOTAL;Hombres;Nº casos;201;
Bahía de Cádiz-La Janda;TOTAL;Mujeres;Nº casos;293;
Bahía de Cádiz-La Janda;De 15 a 29 años;Ambos sexos;Nº casos;24;
Bahía de Cádiz-La Janda;De 15 a 29 años;Hombres;Nº casos;8;
Bahía de Cádiz-La Janda;De 15 a 29 años;Mujeres;Nº casos;16;
Bahía de Cádiz-La Janda;De 30 a 44 años;Ambos sexos;Nº casos;73;
Bahía de Cádiz-La Janda;De 30 a 44 años;Hombres;Nº casos;28;
Bahía de Cádiz-La Janda;De 30 a 44 años;Mujeres;Nº casos;45;
Bahía de Cádiz-La Janda;De 45 a 64 años;Ambos sexos;Nº casos;196;
Bahía de Cádiz-La Janda;De 45 a 64 años;Hombres;Nº casos;84;
Bahía de Cádiz-La Janda;De 45 a 64 años;Mujeres;Nº casos;112;
Bahía de Cádiz-La Janda;De 65 a 84 años;Ambos sexos;Nº casos;136;
Bahía de Cádiz-La Janda;De 65 a 84 años;Hombres;Nº casos;66;
Bahía de Cádiz-La Janda;De 65 a 84 años;Mujeres;Nº casos;70;
Bahía de Cádiz-La Janda;De 85 y más años;Ambos sexos;Nº casos;65;
Bahía de Cádiz-La Janda;De 85 y más años;Hombres;Nº casos;15;
Bahía de Cádiz-La Janda;De 85 y más años;Mujeres;Nº casos;50;
Jerez-Costa Noroeste;TOTAL;Ambos sexos;Nº casos;311;
Jerez-Costa Noroeste;TOTAL;Hombres;Nº casos;144;
Jerez-Costa Noroeste;TOTAL;Mujeres;Nº casos;167;
Jerez-Costa Noroeste;De 15 a 29 años;Ambos sexos;Nº casos;14;
Jerez-Costa Noroeste;De 15 a 29 años;Hombres;Nº casos;7;
Jerez-Costa Noroeste;De 15 a 29 años;Mujeres;Nº casos;7;
Jerez-Costa Noroeste;De 30 a 44 años;Ambos sexos;Nº casos;44;
Jerez-Costa Noroeste;De 30 a 44 años;Hombres;Nº casos;22;
Jerez-Costa Noroeste;De 30 a 44 años;Mujeres;Nº casos;22;
Jerez-Costa Noroeste;De 45 a 64 años;Ambos sexos;Nº casos;135;
Jerez-Costa Noroeste;De 45 a 64 años;Hombres;Nº casos;63;
Jerez-Costa Noroeste;De 45 a 64 años;Mujeres;Nº casos;72;
Jerez-Costa Noroeste;De 65 a 84 años;Ambos sexos;Nº casos;86;
Jerez-Costa Noroeste;De 65 a 84 años;Hombres;Nº casos;41;
Jerez-Costa Noroeste;De 65 a 84 años;Mujeres;Nº casos;45;
Jerez-Costa Noroeste;De 85 y más años;Ambos sexos;Nº casos;32;
Jerez-Costa Noroeste;De 85 y más años;Hombres;Nº casos;11;
Jerez-Costa Noroeste;De 85 y más años;Mujeres;Nº casos;21;
Sierra de Cádiz;TOTAL;Ambos sexos;Nº casos;151;
Sierra de Cádiz;TOTAL;Hombres;Nº casos;64;
Sierra de Cádiz;TOTAL;Mujeres;Nº casos;87;
Sierra de Cádiz;De 15 a 29 años;Ambos sexos;Nº casos;7;
Sierra de Cádiz;De 15 a 29 años;Hombres;Nº casos;3;
Sierra de Cádiz;De 15 a 29 años;Mujeres;Nº casos;4;
Sierra de Cádiz;De 30 a 44 años;Ambos sexos;Nº casos;19;
Sierra de Cádiz;De 30 a 44 años;Hombres;Nº casos;4;
Sierra de Cádiz;De 30 a 44 años;Mujeres;Nº casos;15;
Sierra de Cádiz;De 45 a 64 años;Ambos sexos;Nº casos;33;
Sierra de Cádiz;De 45 a 64 años;Hombres;Nº casos;13;
Sierra de Cádiz;De 45 a 64 años;Mujeres;Nº casos;20;
Sierra de Cádiz;De 65 a 84 años;Ambos sexos;Nº casos;54;
Sierra de Cádiz;De 65 a 84 años;Hombres;Nº casos;30;
Sierra de Cádiz;De 65 a 84 años;Mujeres;Nº casos;24;
Sierra de Cádiz;De 85 y más años;Ambos sexos;Nº casos;38;
Sierra de Cádiz;De 85 y más años;Hombres;Nº casos;14;
Sierra de Cádiz;De 85 y más años;Mujeres;Nº casos;24;
Córdoba;TOTAL;Ambos sexos;Nº casos;574;
Córdoba;TOTAL;Hombres;Nº casos;239;
Córdoba;TOTAL;Mujeres;Nº casos;335;
Córdoba;De 0 a 14 años;Ambos sexos;Nº casos;1;
Córdoba;De 0 a 14 años;Hombres;Nº casos;;
Córdoba;De 0 a 14 años;Mujeres;Nº casos;1;
Córdoba;De 15 a 29 años;Ambos sexos;Nº casos;40;
Córdoba;De 15 a 29 años;Hombres;Nº casos;14;
Córdoba;De 15 a 29 años;Mujeres;Nº casos;26;
Córdoba;De 30 a 44 años;Ambos sexos;Nº casos;97;
Córdoba;De 30 a 44 años;Hombres;Nº casos;53;
Córdoba;De 30 a 44 años;Mujeres;Nº casos;44;
Córdoba;De 45 a 64 años;Ambos sexos;Nº casos;233;
Córdoba;De 45 a 64 años;Hombres;Nº casos;93;
Córdoba;De 45 a 64 años;Mujeres;Nº casos;140;
Córdoba;De 65 a 84 años;Ambos sexos;Nº casos;133;
Córdoba;De 65 a 84 años;Hombres;Nº casos;59;
Córdoba;De 65 a 84 años;Mujeres;Nº casos;74;
Córdoba;De 85 y más años;Ambos sexos;Nº casos;70;
Córdoba;De 85 y más años;Hombres;Nº casos;20;
Córdoba;De 85 y más años;Mujeres;Nº casos;50;
Córdoba Sur;TOTAL;Ambos sexos;Nº casos;462;
Córdoba Sur;TOTAL;Hombres;Nº casos;187;
Córdoba Sur;TOTAL;Mujeres;Nº casos;275;
Córdoba Sur;De 0 a 14 años;Ambos sexos;Nº casos;1;
Córdoba Sur;De 0 a 14 años;Hombres;Nº casos;1;
Córdoba Sur;De 0 a 14 años;Mujeres;Nº casos;;
Córdoba Sur;De 15 a 29 años;Ambos sexos;Nº casos;16;
Córdoba Sur;De 15 a 29 años;Hombres;Nº casos;5;
Córdoba Sur;De 15 a 29 años;Mujeres;Nº casos;11;
Córdoba Sur;De 30 a 44 años;Ambos sexos;Nº casos;77;
Córdoba Sur;De 30 a 44 años;Hombres;Nº casos;23;
Córdoba Sur;De 30 a 44 años;Mujeres;Nº casos;54;
Córdoba Sur;De 45 a 64 años;Ambos sexos;Nº casos;151;
Córdoba Sur;De 45 a 64 años;Hombres;Nº casos;55;
Córdoba Sur;De 45 a 64 años;Mujeres;Nº casos;96;
Córdoba Sur;De 65 a 84 años;Ambos sexos;Nº casos;144;
Córdoba Sur;De 65 a 84 años;Hombres;Nº casos;77;
Córdoba Sur;De 65 a 84 años;Mujeres;Nº casos;67;
Córdoba Sur;De 85 y más años;Ambos sexos;Nº casos;73;
Córdoba Sur;De 85 y más años;Hombres;Nº casos;26;
Córdoba Sur;De 85 y más años;Mujeres;Nº casos;47;
Guadalquivir;TOTAL;Ambos sexos;Nº casos;50;
Guadalquivir;TOTAL;Hombres;Nº casos;31;
Guadalquivir;TOTAL;Mujeres;Nº casos;19;
Guadalquivir;De 15 a 29 años;Ambos sexos;Nº casos;1;
Guadalquivir;De 15 a 29 años;Hombres;Nº casos;1;
Guadalquivir;De 15 a 29 años;Mujeres;Nº casos;;
Guadalquivir;De 30 a 44 años;Ambos sexos;Nº casos;10;
Guadalquivir;De 30 a 44 años;Hombres;Nº casos;7;
Guadalquivir;De 30 a 44 años;Mujeres;Nº casos;3;
Guadalquivir;De 45 a 64 años;Ambos sexos;Nº casos;21;
Guadalquivir;De 45 a 64 años;Hombres;Nº casos;12;
Guadalquivir;De 45 a 64 años;Mujeres;Nº casos;9;
Guadalquivir;De 65 a 84 años;Ambos sexos;Nº casos;16;
Guadalquivir;De 65 a 84 años;Hombres;Nº casos;9;
Guadalquivir;De 65 a 84 años;Mujeres;Nº casos;7;
Guadalquivir;De 85 y más años;Ambos sexos;Nº casos;2;
Guadalquivir;De 85 y más años;Hombres;Nº casos;2;
Guadalquivir;De 85 y más años;Mujeres;Nº casos;;
Córdoba Norte;TOTAL;Ambos sexos;Nº casos;195;
Córdoba Norte;TOTAL;Hombres;Nº casos;72;
Córdoba Norte;TOTAL;Mujeres;Nº casos;123;
Córdoba Norte;De 15 a 29 años;Ambos sexos;Nº casos;9;
Córdoba Norte;De 15 a 29 años;Hombres;Nº casos;3;
Córdoba Norte;De 15 a 29 años;Mujeres;Nº casos;6;
Córdoba Norte;De 30 a 44 años;Ambos sexos;Nº casos;21;
Córdoba Norte;De 30 a 44 años;Hombres;Nº casos;3;
Córdoba Norte;De 30 a 44 años;Mujeres;Nº casos;18;
Córdoba Norte;De 45 a 64 años;Ambos sexos;Nº casos;44;
Córdoba Norte;De 45 a 64 años;Hombres;Nº casos;17;
Córdoba Norte;De 45 a 64 años;Mujeres;Nº casos;27;
Córdoba Norte;De 65 a 84 años;Ambos sexos;Nº casos;64;
Córdoba Norte;De 65 a 84 años;Hombres;Nº casos;27;
Córdoba Norte;De 65 a 84 años;Mujeres;Nº casos;37;
Córdoba Norte;De 85 y más años;Ambos sexos;Nº casos;57;
Córdoba Norte;De 85 y más años;Hombres;Nº casos;22;
Córdoba Norte;De 85 y más años;Mujeres;Nº casos;35;
Granada Sur;TOTAL;Ambos sexos;Nº casos;158;
Granada Sur;TOTAL;Hombres;Nº casos;70;
Granada Sur;TOTAL;Mujeres;Nº casos;88;
Granada Sur;De 0 a 14 años;Ambos sexos;Nº casos;2;
Granada Sur;De 0 a 14 años;Hombres;Nº casos;1;
Granada Sur;De 0 a 14 años;Mujeres;Nº casos;1;
Granada Sur;De 15 a 29 años;Ambos sexos;Nº casos;15;
Granada Sur;De 15 a 29 años;Hombres;Nº casos;9;
Granada Sur;De 15 a 29 años;Mujeres;Nº casos;6;
Granada Sur;De 30 a 44 años;Ambos sexos;Nº casos;16;
Granada Sur;De 30 a 44 años;Hombres;Nº casos;2;
Granada Sur;De 30 a 44 años;Mujeres;Nº casos;14;
Granada Sur;De 45 a 64 años;Ambos sexos;Nº casos;73;
Granada Sur;De 45 a 64 años;Hombres;Nº casos;36;
Granada Sur;De 45 a 64 años;Mujeres;Nº casos;37;
Granada Sur;De 65 a 84 años;Ambos sexos;Nº casos;47;
Granada Sur;De 65 a 84 años;Hombres;Nº casos;20;
Granada Sur;De 65 a 84 años;Mujeres;Nº casos;27;
Granada Sur;De 85 y más años;Ambos sexos;Nº casos;5;
Granada Sur;De 85 y más años;Hombres;Nº casos;2;
Granada Sur;De 85 y más años;Mujeres;Nº casos;3;
Granada Nordeste;TOTAL;Ambos sexos;Nº casos;95;
Granada Nordeste;TOTAL;Hombres;Nº casos;49;
Granada Nordeste;TOTAL;Mujeres;Nº casos;46;
Granada Nordeste;De 15 a 29 años;Ambos sexos;Nº casos;6;
Granada Nordeste;De 15 a 29 años;Hombres;Nº casos;1;
Granada Nordeste;De 15 a 29 años;Mujeres;Nº casos;5;
Granada Nordeste;De 30 a 44 años;Ambos sexos;Nº casos;20;
Granada Nordeste;De 30 a 44 años;Hombres;Nº casos;8;
Granada Nordeste;De 30 a 44 años;Mujeres;Nº casos;12;
Granada Nordeste;De 45 a 64 años;Ambos sexos;Nº casos;47;
Granada Nordeste;De 45 a 64 años;Hombres;Nº casos;27;
Granada Nordeste;De 45 a 64 años;Mujeres;Nº casos;20;
Granada Nordeste;De 65 a 84 años;Ambos sexos;Nº casos;19;
Granada Nordeste;De 65 a 84 años;Hombres;Nº casos;12;
Granada Nordeste;De 65 a 84 años;Mujeres;Nº casos;7;
Granada Nordeste;De 85 y más años;Ambos sexos;Nº casos;3;
Granada Nordeste;De 85 y más años;Hombres;Nº casos;1;
Granada Nordeste;De 85 y más años;Mujeres;Nº casos;2;
Granada;TOTAL;Ambos sexos;Nº casos;851;
Granada;TOTAL;Hombres;Nº casos;390;
Granada;TOTAL;Mujeres;Nº casos;461;
Granada;De 0 a 14 años;Ambos sexos;Nº casos;1;
Granada;De 0 a 14 años;Hombres;Nº casos;;
Granada;De 0 a 14 años;Mujeres;Nº casos;1;
Granada;De 15 a 29 años;Ambos sexos;Nº casos;52;
Granada;De 15 a 29 años;Hombres;Nº casos;19;
Granada;De 15 a 29 años;Mujeres;Nº casos;33;
Granada;De 30 a 44 años;Ambos sexos;Nº casos;158;
Granada;De 30 a 44 años;Hombres;Nº casos;60;
Granada;De 30 a 44 años;Mujeres;Nº casos;98;
Granada;De 45 a 64 años;Ambos sexos;Nº casos;363;
Granada;De 45 a 64 años;Hombres;Nº casos;166;
Granada;De 45 a 64 años;Mujeres;Nº casos;197;
Granada;De 65 a 84 años;Ambos sexos;Nº casos;204;
Granada;De 65 a 84 años;Hombres;Nº casos;119;
Granada;De 65 a 84 años;Mujeres;Nº casos;85;
Granada;De 85 y más años;Ambos sexos;Nº casos;73;
Granada;De 85 y más años;Hombres;Nº casos;26;
Granada;De 85 y más años;Mujeres;Nº casos;47;
Metropolitano de Granada;TOTAL;Ambos sexos;Nº casos;970;
Metropolitano de Granada;TOTAL;Hombres;Nº casos;416;
Metropolitano de Granada;TOTAL;Mujeres;Nº casos;554;
Metropolitano de Granada;De 0 a 14 años;Ambos sexos;Nº casos;1;
Metropolitano de Granada;De 0 a 14 años;Hombres;Nº casos;;
Metropolitano de Granada;De 0 a 14 años;Mujeres;Nº casos;1;
Metropolitano de Granada;De 15 a 29 años;Ambos sexos;Nº casos;48;
Metropolitano de Granada;De 15 a 29 años;Hombres;Nº casos;11;
Metropolitano de Granada;De 15 a 29 años;Mujeres;Nº casos;37;
Metropolitano de Granada;De 30 a 44 años;Ambos sexos;Nº casos;142;
Metropolitano de Granada;De 30 a 44 años;Hombres;Nº casos;47;
Metropolitano de Granada;De 30 a 44 años;Mujeres;Nº casos;95;
Metropolitano de Granada;De 45 a 64 años;Ambos sexos;Nº casos;398;
Metropolitano de Granada;De 45 a 64 años;Hombres;Nº casos;186;
Metropolitano de Granada;De 45 a 64 años;Mujeres;Nº casos;212;
Metropolitano de Granada;De 65 a 84 años;Ambos sexos;Nº casos;246;
Metropolitano de Granada;De 65 a 84 años;Hombres;Nº casos;127;
Metropolitano de Granada;De 65 a 84 años;Mujeres;Nº casos;119;
Metropolitano de Granada;De 85 y más años;Ambos sexos;Nº casos;135;
Metropolitano de Granada;De 85 y más años;Hombres;Nº casos;45;
Metropolitano de Granada;De 85 y más años;Mujeres;Nº casos;90;
Sierra de Huelva-Andévalo Central;TOTAL;Ambos sexos;Nº casos;95;
Sierra de Huelva-Andévalo Central;TOTAL;Hombres;Nº casos;34;
Sierra de Huelva-Andévalo Central;TOTAL;Mujeres;Nº casos;61;
Sierra de Huelva-Andévalo Central;De 15 a 29 años;Ambos sexos;Nº casos;12;
Sierra de Huelva-Andévalo Central;De 15 a 29 años;Hombres;Nº casos;4;
Sierra de Huelva-Andévalo Central;De 15 a 29 años;Mujeres;Nº casos;8;
Sierra de Huelva-Andévalo Central;De 30 a 44 años;Ambos sexos;Nº casos;12;
Sierra de Huelva-Andévalo Central;De 30 a 44 años;Hombres;Nº casos;2;
Sierra de Huelva-Andévalo Central;De 30 a 44 años;Mujeres;Nº casos;10;
Sierra de Huelva-Andévalo Central;De 45 a 64 años;Ambos sexos;Nº casos;34;
Sierra de Huelva-Andévalo Central;De 45 a 64 años;Hombres;Nº casos;12;
Sierra de Huelva-Andévalo Central;De 45 a 64 años;Mujeres;Nº casos;22;
Sierra de Huelva-Andévalo Central;De 65 a 84 años;Ambos sexos;Nº casos;24;
Sierra de Huelva-Andévalo Central;De 65 a 84 años;Hombres;Nº casos;13;
Sierra de Huelva-Andévalo Central;De 65 a 84 años;Mujeres;Nº casos;11;
Sierra de Huelva-Andévalo Central;De 85 y más años;Ambos sexos;Nº casos;13;
Sierra de Huelva-Andévalo Central;De 85 y más años;Hombres;Nº casos;3;
Sierra de Huelva-Andévalo Central;De 85 y más años;Mujeres;Nº casos;10;
Condado-Campiña;TOTAL;Ambos sexos;Nº casos;84;
Condado-Campiña;TOTAL;Hombres;Nº casos;52;
Condado-Campiña;TOTAL;Mujeres;Nº casos;32;
Condado-Campiña;De 15 a 29 años;Ambos sexos;Nº casos;1;
Condado-Campiña;De 15 a 29 años;Hombres;Nº casos;;
Condado-Campiña;De 15 a 29 años;Mujeres;Nº casos;1;
Condado-Campiña;De 30 a 44 años;Ambos sexos;Nº casos;12;
Condado-Campiña;De 30 a 44 años;Hombres;Nº casos;7;
Condado-Campiña;De 30 a 44 años;Mujeres;Nº casos;5;
Condado-Campiña;De 45 a 64 años;Ambos sexos;Nº casos;37;
Condado-Campiña;De 45 a 64 años;Hombres;Nº casos;22;
Condado-Campiña;De 45 a 64 años;Mujeres;Nº casos;15;
Condado-Campiña;De 65 a 84 años;Ambos sexos;Nº casos;28;
Condado-Campiña;De 65 a 84 años;Hombres;Nº casos;21;
Condado-Campiña;De 65 a 84 años;Mujeres;Nº casos;7;
Condado-Campiña;De 85 y más años;Ambos sexos;Nº casos;6;
Condado-Campiña;De 85 y más años;Hombres;Nº casos;2;
Condado-Campiña;De 85 y más años;Mujeres;Nº casos;4;
Huelva-Costa;TOTAL;Ambos sexos;Nº casos;210;
Huelva-Costa;TOTAL;Hombres;Nº casos;95;
Huelva-Costa;TOTAL;Mujeres;Nº casos;115;
Huelva-Costa;De 15 a 29 años;Ambos sexos;Nº casos;12;
Huelva-Costa;De 15 a 29 años;Hombres;Nº casos;2;
Huelva-Costa;De 15 a 29 años;Mujeres;Nº casos;10;
Huelva-Costa;De 30 a 44 años;Ambos sexos;Nº casos;39;
Huelva-Costa;De 30 a 44 años;Hombres;Nº casos;11;
Huelva-Costa;De 30 a 44 años;Mujeres;Nº casos;28;
Huelva-Costa;De 45 a 64 años;Ambos sexos;Nº casos;87;
Huelva-Costa;De 45 a 64 años;Hombres;Nº casos;44;
Huelva-Costa;De 45 a 64 años;Mujeres;Nº casos;43;
Huelva-Costa;De 65 a 84 años;Ambos sexos;Nº casos;63;
Huelva-Costa;De 65 a 84 años;Hombres;Nº casos;36;
Huelva-Costa;De 65 a 84 años;Mujeres;Nº casos;27;
Huelva-Costa;De 85 y más años;Ambos sexos;Nº casos;9;
Huelva-Costa;De 85 y más años;Hombres;Nº casos;2;
Huelva-Costa;De 85 y más años;Mujeres;Nº casos;7;
Jaén Sur;TOTAL;Ambos sexos;Nº casos;102;
Jaén Sur;TOTAL;Hombres;Nº casos;53;
Jaén Sur;TOTAL;Mujeres;Nº casos;49;
Jaén Sur;De 0 a 14 años;Ambos sexos;Nº casos;1;
Jaén Sur;De 0 a 14 años;Hombres;Nº casos;1;
Jaén Sur;De 0 a 14 años;Mujeres;Nº casos;;
Jaén Sur;De 15 a 29 años;Ambos sexos;Nº casos;2;
Jaén Sur;De 15 a 29 años;Hombres;Nº casos;1;
Jaén Sur;De 15 a 29 años;Mujeres;Nº casos;1;
Jaén Sur;De 30 a 44 años;Ambos sexos;Nº casos;15;
Jaén Sur;De 30 a 44 años;Hombres;Nº casos;6;
Jaén Sur;De 30 a 44 años;Mujeres;Nº casos;9;
Jaén Sur;De 45 a 64 años;Ambos sexos;Nº casos;39;
Jaén Sur;De 45 a 64 años;Hombres;Nº casos;22;
Jaén Sur;De 45 a 64 años;Mujeres;Nº casos;17;
Jaén Sur;De 65 a 84 años;Ambos sexos;Nº casos;33;
Jaén Sur;De 65 a 84 años;Hombres;Nº casos;17;
Jaén Sur;De 65 a 84 años;Mujeres;Nº casos;16;
Jaén Sur;De 85 y más años;Ambos sexos;Nº casos;12;
Jaén Sur;De 85 y más años;Hombres;Nº casos;6;
Jaén Sur;De 85 y más años;Mujeres;Nº casos;6;
Jaén;TOTAL;Ambos sexos;Nº casos;595;
Jaén;TOTAL;Hombres;Nº casos;283;
Jaén;TOTAL;Mujeres;Nº casos;312;
Jaén;De 0 a 14 años;Ambos sexos;Nº casos;1;
Jaén;De 0 a 14 años;Hombres;Nº casos;;
Jaén;De 0 a 14 años;Mujeres;Nº casos;1;
Jaén;De 15 a 29 años;Ambos sexos;Nº casos;34;
Jaén;De 15 a 29 años;Hombres;Nº casos;12;
Jaén;De 15 a 29 años;Mujeres;Nº casos;22;
Jaén;De 30 a 44 años;Ambos sexos;Nº casos;76;
Jaén;De 30 a 44 años;Hombres;Nº casos;32;
Jaén;De 30 a 44 años;Mujeres;Nº casos;44;
Jaén;De 45 a 64 años;Ambos sexos;Nº casos;275;
Jaén;De 45 a 64 años;Hombres;Nº casos;134;
Jaén;De 45 a 64 años;Mujeres;Nº casos;141;
Jaén;De 65 a 84 años;Ambos sexos;Nº casos;148;
Jaén;De 65 a 84 años;Hombres;Nº casos;82;
Jaén;De 65 a 84 años;Mujeres;Nº casos;66;
Jaén;De 85 y más años;Ambos sexos;Nº casos;61;
Jaén;De 85 y más años;Hombres;Nº casos;23;
Jaén;De 85 y más años;Mujeres;Nº casos;38;
Jaén Norte;TOTAL;Ambos sexos;Nº casos;430;
Jaén Norte;TOTAL;Hombres;Nº casos;204;
Jaén Norte;TOTAL;Mujeres;Nº casos;226;
Jaén Norte;De 15 a 29 años;Ambos sexos;Nº casos;22;
Jaén Norte;De 15 a 29 años;Hombres;Nº casos;7;
Jaén Norte;De 15 a 29 años;Mujeres;Nº casos;15;
Jaén Norte;De 30 a 44 años;Ambos sexos;Nº casos;59;
Jaén Norte;De 30 a 44 años;Hombres;Nº casos;27;
Jaén Norte;De 30 a 44 años;Mujeres;Nº casos;32;
Jaén Norte;De 45 a 64 años;Ambos sexos;Nº casos;155;
Jaén Norte;De 45 a 64 años;Hombres;Nº casos;81;
Jaén Norte;De 45 a 64 años;Mujeres;Nº casos;74;
Jaén Norte;De 65 a 84 años;Ambos sexos;Nº casos;98;
Jaén Norte;De 65 a 84 años;Hombres;Nº casos;52;
Jaén Norte;De 65 a 84 años;Mujeres;Nº casos;46;
Jaén Norte;De 85 y más años;Ambos sexos;Nº casos;96;
Jaén Norte;De 85 y más años;Hombres;Nº casos;37;
Jaén Norte;De 85 y más años;Mujeres;Nº casos;59;
Jaén Nordeste;TOTAL;Ambos sexos;Nº casos;180;
Jaén Nordeste;TOTAL;Hombres;Nº casos;88;
Jaén Nordeste;TOTAL;Mujeres;Nº casos;92;
Jaén Nordeste;De 15 a 29 años;Ambos sexos;Nº casos;14;
Jaén Nordeste;De 15 a 29 años;Hombres;Nº casos;8;
Jaén Nordeste;De 15 a 29 años;Mujeres;Nº casos;6;
Jaén Nordeste;De 30 a 44 años;Ambos sexos;Nº casos;26;
Jaén Nordeste;De 30 a 44 años;Hombres;Nº casos;12;
Jaén Nordeste;De 30 a 44 años;Mujeres;Nº casos;14;
Jaén Nordeste;De 45 a 64 años;Ambos sexos;Nº casos;64;
Jaén Nordeste;De 45 a 64 años;Hombres;Nº casos;31;
Jaén Nordeste;De 45 a 64 años;Mujeres;Nº casos;33;
Jaén Nordeste;De 65 a 84 años;Ambos sexos;Nº casos;59;
Jaén Nordeste;De 65 a 84 años;Hombres;Nº casos;33;
Jaén Nordeste;De 65 a 84 años;Mujeres;Nº casos;26;
Jaén Nordeste;De 85 y más años;Ambos sexos;Nº casos;17;
Jaén Nordeste;De 85 y más años;Hombres;Nº casos;4;
Jaén Nordeste;De 85 y más años;Mujeres;Nº casos;13;
La Vega;TOTAL;Ambos sexos;Nº casos;159;
La Vega;TOTAL;Hombres;Nº casos;89;
La Vega;TOTAL;Mujeres;Nº casos;70;
La Vega;De 15 a 29 años;Ambos sexos;Nº casos;5;
La Vega;De 15 a 29 años;Hombres;Nº casos;3;
La Vega;De 15 a 29 años;Mujeres;Nº casos;2;
La Vega;De 30 a 44 años;Ambos sexos;Nº casos;16;
La Vega;De 30 a 44 años;Hombres;Nº casos;9;
La Vega;De 30 a 44 años;Mujeres;Nº casos;7;
La Vega;De 45 a 64 años;Ambos sexos;Nº casos;57;
La Vega;De 45 a 64 años;Hombres;Nº casos;39;
La Vega;De 45 a 64 años;Mujeres;Nº casos;18;
La Vega;De 65 a 84 años;Ambos sexos;Nº casos;61;
La Vega;De 65 a 84 años;Hombres;Nº casos;29;
La Vega;De 65 a 84 años;Mujeres;Nº casos;32;
La Vega;De 85 y más años;Ambos sexos;Nº casos;20;
La Vega;De 85 y más años;Hombres;Nº casos;9;
La Vega;De 85 y más años;Mujeres;Nº casos;11;
Axarquia;TOTAL;Ambos sexos;Nº casos;140;
Axarquia;TOTAL;Hombres;Nº casos;77;
Axarquia;TOTAL;Mujeres;Nº casos;63;
Axarquia;De 15 a 29 años;Ambos sexos;Nº casos;6;
Axarquia;De 15 a 29 años;Hombres;Nº casos;2;
Axarquia;De 15 a 29 años;Mujeres;Nº casos;4;
Axarquia;De 30 a 44 años;Ambos sexos;Nº casos;28;
Axarquia;De 30 a 44 años;Hombres;Nº casos;11;
Axarquia;De 30 a 44 años;Mujeres;Nº casos;17;
Axarquia;De 45 a 64 años;Ambos sexos;Nº casos;55;
Axarquia;De 45 a 64 años;Hombres;Nº casos;31;
Axarquia;De 45 a 64 años;Mujeres;Nº casos;24;
Axarquia;De 65 a 84 años;Ambos sexos;Nº casos;38;
Axarquia;De 65 a 84 años;Hombres;Nº casos;30;
Axarquia;De 65 a 84 años;Mujeres;Nº casos;8;
Axarquia;De 85 y más años;Ambos sexos;Nº casos;13;
Axarquia;De 85 y más años;Hombres;Nº casos;3;
Axarquia;De 85 y más años;Mujeres;Nº casos;10;
Valle del Guadalhorce;TOTAL;Ambos sexos;Nº casos;194;
Valle del Guadalhorce;TOTAL;Hombres;Nº casos;104;
Valle del Guadalhorce;TOTAL;Mujeres;Nº casos;90;
Valle del Guadalhorce;De 0 a 14 años;Ambos sexos;Nº casos;2;
Valle del Guadalhorce;De 0 a 14 años;Hombres;Nº casos;2;
Valle del Guadalhorce;De 0 a 14 años;Mujeres;Nº casos;;
Valle del Guadalhorce;De 15 a 29 años;Ambos sexos;Nº casos;7;
Valle del Guadalhorce;De 15 a 29 años;Hombres;Nº casos;4;
Valle del Guadalhorce;De 15 a 29 años;Mujeres;Nº casos;3;
Valle del Guadalhorce;De 30 a 44 años;Ambos sexos;Nº casos;35;
Valle del Guadalhorce;De 30 a 44 años;Hombres;Nº casos;16;
Valle del Guadalhorce;De 30 a 44 años;Mujeres;Nº casos;19;
Valle del Guadalhorce;De 45 a 64 años;Ambos sexos;Nº casos;83;
Valle del Guadalhorce;De 45 a 64 años;Hombres;Nº casos;44;
Valle del Guadalhorce;De 45 a 64 años;Mujeres;Nº casos;39;
Valle del Guadalhorce;De 65 a 84 años;Ambos sexos;Nº casos;54;
Valle del Guadalhorce;De 65 a 84 años;Hombres;Nº casos;34;
Valle del Guadalhorce;De 65 a 84 años;Mujeres;Nº casos;20;
Valle del Guadalhorce;De 85 y más años;Ambos sexos;Nº casos;13;
Valle del Guadalhorce;De 85 y más años;Hombres;Nº casos;4;
Valle del Guadalhorce;De 85 y más años;Mujeres;Nº casos;9;
Costa del Sol;TOTAL;Ambos sexos;Nº casos;535;
Costa del Sol;TOTAL;Hombres;Nº casos;287;
Costa del Sol;TOTAL;Mujeres;Nº casos;248;
Costa del Sol;De 0 a 14 años;Ambos sexos;Nº casos;4;
Costa del Sol;De 0 a 14 años;Hombres;Nº casos;4;
Costa del Sol;De 0 a 14 años;Mujeres;Nº casos;;
Costa del Sol;De 15 a 29 años;Ambos sexos;Nº casos;25;
Costa del Sol;De 15 a 29 años;Hombres;Nº casos;11;
Costa del Sol;De 15 a 29 años;Mujeres;Nº casos;14;
Costa del Sol;De 30 a 44 años;Ambos sexos;Nº casos;119;
Costa del Sol;De 30 a 44 años;Hombres;Nº casos;56;
Costa del Sol;De 30 a 44 años;Mujeres;Nº casos;63;
Costa del Sol;De 45 a 64 años;Ambos sexos;Nº casos;208;
Costa del Sol;De 45 a 64 años;Hombres;Nº casos;128;
Costa del Sol;De 45 a 64 años;Mujeres;Nº casos;80;
Costa del Sol;De 65 a 84 años;Ambos sexos;Nº casos;141;
Costa del Sol;De 65 a 84 años;Hombres;Nº casos;78;
Costa del Sol;De 65 a 84 años;Mujeres;Nº casos;63;
Costa del Sol;De 85 y más años;Ambos sexos;Nº casos;38;
Costa del Sol;De 85 y más años;Hombres;Nº casos;10;
Costa del Sol;De 85 y más años;Mujeres;Nº casos;28;
Málaga;TOTAL;Ambos sexos;Nº casos;1413;
Málaga;TOTAL;Hombres;Nº casos;729;
Málaga;TOTAL;Mujeres;Nº casos;684;
Málaga;De 0 a 14 años;Ambos sexos;Nº casos;1;
Málaga;De 0 a 14 años;Hombres;Nº casos;1;
Málaga;De 0 a 14 años;Mujeres;Nº casos;;
Málaga;De 15 a 29 años;Ambos sexos;Nº casos;96;
Málaga;De 15 a 29 años;Hombres;Nº casos;40;
Málaga;De 15 a 29 años;Mujeres;Nº casos;56;
Málaga;De 30 a 44 años;Ambos sexos;Nº casos;298;
Málaga;De 30 a 44 años;Hombres;Nº casos;135;
Málaga;De 30 a 44 años;Mujeres;Nº casos;163;
Málaga;De 45 a 64 años;Ambos sexos;Nº casos;602;
Málaga;De 45 a 64 años;Hombres;Nº casos;326;
Málaga;De 45 a 64 años;Mujeres;Nº casos;276;
Málaga;De 65 a 84 años;Ambos sexos;Nº casos;344;
Málaga;De 65 a 84 años;Hombres;Nº casos;200;
Málaga;De 65 a 84 años;Mujeres;Nº casos;144;
Málaga;De 85 y más años;Ambos sexos;Nº casos;72;
Málaga;De 85 y más años;Hombres;Nº casos;27;
Málaga;De 85 y más años;Mujeres;Nº casos;45;
Serranía;TOTAL;Ambos sexos;Nº casos;101;
Serranía;TOTAL;Hombres;Nº casos;36;
Serranía;TOTAL;Mujeres;Nº casos;65;
Serranía;De 15 a 29 años;Ambos sexos;Nº casos;6;
Serranía;De 15 a 29 años;Hombres;Nº casos;1;
Serranía;De 15 a 29 años;Mujeres;Nº casos;5;
Serranía;De 30 a 44 años;Ambos sexos;Nº casos;15;
Serranía;De 30 a 44 años;Hombres;Nº casos;6;
Serranía;De 30 a 44 años;Mujeres;Nº casos;9;
Serranía;De 45 a 64 años;Ambos sexos;Nº casos;24;
Serranía;De 45 a 64 años;Hombres;Nº casos;11;
Serranía;De 45 a 64 años;Mujeres;Nº casos;13;
Serranía;De 65 a 84 años;Ambos sexos;Nº casos;31;
Serranía;De 65 a 84 años;Hombres;Nº casos;10;
Serranía;De 65 a 84 años;Mujeres;Nº casos;21;
Serranía;De 85 y más años;Ambos sexos;Nº casos;25;
Serranía;De 85 y más años;Hombres;Nº casos;8;
Serranía;De 85 y más años;Mujeres;Nº casos;17;
Sevilla Sur;TOTAL;Ambos sexos;Nº casos;462;
Sevilla Sur;TOTAL;Hombres;Nº casos;185;
Sevilla Sur;TOTAL;Mujeres;Nº casos;277;
Sevilla Sur;De 0 a 14 años;Ambos sexos;Nº casos;1;
Sevilla Sur;De 0 a 14 años;Hombres;Nº casos;1;
Sevilla Sur;De 0 a 14 años;Mujeres;Nº casos;;
Sevilla Sur;De 15 a 29 años;Ambos sexos;Nº casos;20;
Sevilla Sur;De 15 a 29 años;Hombres;Nº casos;4;
Sevilla Sur;De 15 a 29 años;Mujeres;Nº casos;16;
Sevilla Sur;De 30 a 44 años;Ambos sexos;Nº casos;87;
Sevilla Sur;De 30 a 44 años;Hombres;Nº casos;29;
Sevilla Sur;De 30 a 44 años;Mujeres;Nº casos;58;
Sevilla Sur;De 45 a 64 años;Ambos sexos;Nº casos;165;
Sevilla Sur;De 45 a 64 años;Hombres;Nº casos;71;
Sevilla Sur;De 45 a 64 años;Mujeres;Nº casos;94;
Sevilla Sur;De 65 a 84 años;Ambos sexos;Nº casos;128;
Sevilla Sur;De 65 a 84 años;Hombres;Nº casos;54;
Sevilla Sur;De 65 a 84 años;Mujeres;Nº casos;74;
Sevilla Sur;De 85 y más años;Ambos sexos;Nº casos;61;
Sevilla Sur;De 85 y más años;Hombres;Nº casos;26;
Sevilla Sur;De 85 y más años;Mujeres;Nº casos;35;
Aljarafe;TOTAL;Ambos sexos;Nº casos;439;
Aljarafe;TOTAL;Hombres;Nº casos;179;
Aljarafe;TOTAL;Mujeres;Nº casos;260;
Aljarafe;De 0 a 14 años;Ambos sexos;Nº casos;2;
Aljarafe;De 0 a 14 años;Hombres;Nº casos;1;
Aljarafe;De 0 a 14 años;Mujeres;Nº casos;1;
Aljarafe;De 15 a 29 años;Ambos sexos;Nº casos;30;
Aljarafe;De 15 a 29 años;Hombres;Nº casos;12;
Aljarafe;De 15 a 29 años;Mujeres;Nº casos;18;
Aljarafe;De 30 a 44 años;Ambos sexos;Nº casos;78;
Aljarafe;De 30 a 44 años;Hombres;Nº casos;32;
Aljarafe;De 30 a 44 años;Mujeres;Nº casos;46;
Aljarafe;De 45 a 64 años;Ambos sexos;Nº casos;144;
Aljarafe;De 45 a 64 años;Hombres;Nº casos;81;
Aljarafe;De 45 a 64 años;Mujeres;Nº casos;63;
Aljarafe;De 65 a 84 años;Ambos sexos;Nº casos;105;
Aljarafe;De 65 a 84 años;Hombres;Nº casos;43;
Aljarafe;De 65 a 84 años;Mujeres;Nº casos;62;
Aljarafe;De 85 y más años;Ambos sexos;Nº casos;80;
Aljarafe;De 85 y más años;Hombres;Nº casos;10;
Aljarafe;De 85 y más años;Mujeres;Nº casos;70;
Sevilla Este;TOTAL;Ambos sexos;Nº casos;126;
Sevilla Este;TOTAL;Hombres;Nº casos;65;
Sevilla Este;TOTAL;Mujeres;Nº casos;61;
Sevilla Este;De 15 a 29 años;Ambos sexos;Nº casos;8;
Sevilla Este;De 15 a 29 años;Hombres;Nº casos;2;
Sevilla Este;De 15 a 29 años;Mujeres;Nº casos;6;
Sevilla Este;De 30 a 44 años;Ambos sexos;Nº casos;15;
Sevilla Este;De 30 a 44 años;Hombres;Nº casos;7;
Sevilla Este;De 30 a 44 años;Mujeres;Nº casos;8;
Sevilla Este;De 45 a 64 años;Ambos sexos;Nº casos;49;
Sevilla Este;De 45 a 64 años;Hombres;Nº casos;20;
Sevilla Este;De 45 a 64 años;Mujeres;Nº casos;29;
Sevilla Este;De 65 a 84 años;Ambos sexos;Nº casos;47;
Sevilla Este;De 65 a 84 años;Hombres;Nº casos;32;
Sevilla Este;De 65 a 84 años;Mujeres;Nº casos;15;
Sevilla Este;De 85 y más años;Ambos sexos;Nº casos;7;
Sevilla Este;De 85 y más años;Hombres;Nº casos;4;
Sevilla Este;De 85 y más años;Mujeres;Nº casos;3;
Sevilla Norte;TOTAL;Ambos sexos;Nº casos;184;
Sevilla Norte;TOTAL;Hombres;Nº casos;86;
Sevilla Norte;TOTAL;Mujeres;Nº casos;98;
Sevilla Norte;De 15 a 29 años;Ambos sexos;Nº casos;14;
Sevilla Norte;De 15 a 29 años;Hombres;Nº casos;6;
Sevilla Norte;De 15 a 29 años;Mujeres;Nº casos;8;
Sevilla Norte;De 30 a 44 años;Ambos sexos;Nº casos;50;
Sevilla Norte;De 30 a 44 años;Hombres;Nº casos;25;
Sevilla Norte;De 30 a 44 años;Mujeres;Nº casos;25;
Sevilla Norte;De 45 a 64 años;Ambos sexos;Nº casos;60;
Sevilla Norte;De 45 a 64 años;Hombres;Nº casos;26;
Sevilla Norte;De 45 a 64 años;Mujeres;Nº casos;34;
Sevilla Norte;De 65 a 84 años;Ambos sexos;Nº casos;45;
Sevilla Norte;De 65 a 84 años;Hombres;Nº casos;23;
Sevilla Norte;De 65 a 84 años;Mujeres;Nº casos;22;
Sevilla Norte;De 85 y más años;Ambos sexos;Nº casos;15;
Sevilla Norte;De 85 y más años;Hombres;Nº casos;6;
Sevilla Norte;De 85 y más años;Mujeres;Nº casos;9;
Sevilla;TOTAL;Ambos sexos;Nº casos;1134;
Sevilla;TOTAL;Hombres;Nº casos;481;
Sevilla;TOTAL;Mujeres;Nº casos;653;
Sevilla;De 0 a 14 años;Ambos sexos;Nº casos;3;
Sevilla;De 0 a 14 años;Hombres;Nº casos;2;
Sevilla;De 0 a 14 años;Mujeres;Nº casos;1;
Sevilla;De 15 a 29 años;Ambos sexos;Nº casos;78;
Sevilla;De 15 a 29 años;Hombres;Nº casos;25;
Sevilla;De 15 a 29 años;Mujeres;Nº casos;53;
Sevilla;De 30 a 44 años;Ambos sexos;Nº casos;217;
Sevilla;De 30 a 44 años;Hombres;Nº casos;96;
Sevilla;De 30 a 44 años;Mujeres;Nº casos;121;
Sevilla;De 45 a 64 años;Ambos sexos;Nº casos;369;
Sevilla;De 45 a 64 años;Hombres;Nº casos;187;
Sevilla;De 45 a 64 años;Mujeres;Nº casos;182;
Sevilla;De 65 a 84 años;Ambos sexos;Nº casos;276;
Sevilla;De 65 a 84 años;Hombres;Nº casos;134;
Sevilla;De 65 a 84 años;Mujeres;Nº casos;142;
Sevilla;De 85 y más años;Ambos sexos;Nº casos;191;
Sevilla;De 85 y más años;Hombres;Nº casos;37;
Sevilla;De 85 y más años;Mujeres;Nº casos;154;
