Fecha,Lugar,Confirmados,Defunciones,Confirmados < 14 días
2020-04-30,Almería,579,48,119
2020-04-30,Almería (distrito),267,14,79
2020-04-30,Almería (capital),201,8,62
2020-04-30,Alboloduy,NA,NA,NA
2020-04-30,Alhabia,2,NA,2
2020-04-30,Alhama de Almería,1,NA,0
2020-04-30,Alicún,NA,NA,NA
2020-04-30,Almócita,1,1,0
2020-04-30,Alsodux,NA,NA,NA
2020-04-30,Beires,NA,NA,NA
2020-04-30,Bentarique,NA,NA,NA
2020-04-30,Canjáyar,1,NA,1
2020-04-30,Huécija,NA,NA,NA
2020-04-30,Íllar,26,2,3
2020-04-30,Instinción,1,NA,1
2020-04-30,Ohanes,NA,NA,NA
2020-04-30,Padules,NA,NA,NA
2020-04-30,Rágol,NA,NA,NA
2020-04-30,Santa Cruz de Marchena,NA,NA,NA
2020-04-30,Terque,NA,NA,NA
2020-04-30,Benahadux,2,NA,0
2020-04-30,Gádor,1,NA,0
2020-04-30,Huércal de Almería,10,1,4
2020-04-30,Pechina,2,NA,1
2020-04-30,Rioja,NA,NA,NA
2020-04-30,Santa Fe de Mondújar,NA,NA,NA
2020-04-30,Viator,2,NA,0
2020-04-30,Carboneras,2,NA,2
2020-04-30,Níjar,7,1,3
2020-04-30,Abla,NA,NA,NA
2020-04-30,Abrucena,NA,NA,NA
2020-04-30,Fiñana,NA,NA,NA
2020-04-30,Gérgal,2,1,0
2020-04-30,Nacimiento,NA,NA,NA
2020-04-30,Olula de Castro,NA,NA,NA
2020-04-30,Tres Villas (Las),2,NA,0
2020-04-30,Benizalón,NA,NA,NA
2020-04-30,Lubrín,3,NA,0
2020-04-30,Lucainena de las Torres,NA,NA,NA
2020-04-30,Sorbas,NA,NA,NA
2020-04-30,Uleila del Campo,NA,NA,NA
2020-04-30,Alcudia de Monteagud,NA,NA,NA
2020-04-30,Benitagla,NA,NA,NA
2020-04-30,Castro de Filabres,NA,NA,NA
2020-04-30,Senés,NA,NA,NA
2020-04-30,Tabernas,1,NA,0
2020-04-30,Tahal,NA,NA,NA
2020-04-30,Turrillas,NA,NA,NA
2020-04-30,Velefique,NA,NA,NA
2020-04-30,Levante-Alto Almanzora,93,14,12
2020-04-30,Albanchez,1,NA,1
2020-04-30,Albox,14,3,2
2020-04-30,Arboleas,3,NA,0
2020-04-30,Cantoria,3,NA,0
2020-04-30,Cóbdar,NA,NA,NA
2020-04-30,Oria,NA,NA,NA
2020-04-30,Partaloa,NA,NA,NA
2020-04-30,Cuevas del Almanzora,4,1,0
2020-04-30,Huércal-Overa,15,2,0
2020-04-30,Pulpí,4,NA,1
2020-04-30,Taberno,NA,NA,NA
2020-04-30,Zurgena,1,NA,1
2020-04-30,Chirivel,1,NA,1
2020-04-30,María,2,NA,0
2020-04-30,Vélez-Blanco,NA,NA,NA
2020-04-30,Vélez-Rubio,3,1,0
2020-04-30,Chercos,NA,NA,NA
2020-04-30,Fines,2,NA,1
2020-04-30,Laroya,NA,NA,NA
2020-04-30,Líjar,1,1,0
2020-04-30,Macael,10,3,1
2020-04-30,Olula del Río,8,NA,2
2020-04-30,Purchena,3,1,1
2020-04-30,Sierro,NA,NA,NA
2020-04-30,Somontín,NA,NA,NA
2020-04-30,Suflí,NA,NA,NA
2020-04-30,Urrácal,NA,NA,NA
2020-04-30,Alcóntar,NA,NA,NA
2020-04-30,Armuña de Almanzora,NA,NA,NA
2020-04-30,Bacares,NA,NA,NA
2020-04-30,Bayarque,NA,NA,NA
2020-04-30,Lúcar,1,NA,0
2020-04-30,Serón,NA,NA,NA
2020-04-30,Tíjola,1,NA,1
2020-04-30,Antas,1,NA,0
2020-04-30,Bédar,NA,NA,NA
2020-04-30,Gallardos (Los),NA,NA,NA
2020-04-30,Garrucha,4,NA,0
2020-04-30,Mojácar,3,NA,0
2020-04-30,Turre,1,NA,0
2020-04-30,Vera,7,2,0
2020-04-30,Poniente de Almería,219,20,28
2020-04-30,Adra,9,1,2
2020-04-30,Alcolea,1,NA,1
2020-04-30,Bayárcal,NA,NA,NA
2020-04-30,Berja,1,NA,0
2020-04-30,Dalías,13,2,0
2020-04-30,Fondón,NA,NA,NA
2020-04-30,Láujar de Andarax,NA,NA,NA
2020-04-30,Paterna del Río,NA,NA,NA
2020-04-30,Balanegra,NA,NA,NA
2020-04-30,Ejido (El),48,4,9
2020-04-30,Enix,NA,NA,NA
2020-04-30,Felix,NA,NA,NA
2020-04-30,Roquetas de Mar,128,11,14
2020-04-30,Mojonera (La),4,NA,0
2020-04-30,Vícar,15,2,2
2020-04-30,Cádiz,1310,132,173
2020-04-30,Campo de Gibraltar,253,30,53
2020-04-30,Algeciras,158,17,31
2020-04-30,Castellar de la Frontera,NA,NA,NA
2020-04-30,Jimena de la Frontera,8,1,2
2020-04-30,San Martín del Tesorillo,NA,NA,NA
2020-04-30,Línea de la Concepción (La),28,1,7
2020-04-30,Barrios (Los),23,5,5
2020-04-30,San Roque,17,1,5
2020-04-30,Tarifa,19,5,3
2020-04-30,Bahía de Cádiz-La Janda,534,32,54
2020-04-30,Barbate,4,NA,0
2020-04-30,Cádiz (capital),165,5,25
2020-04-30,Chiclana de la Frontera,50,8,2
2020-04-30,Conil de la Frontera,6,2,0
2020-04-30,Alcalá de los Gazules,8,NA,0
2020-04-30,Benalup-Casas Viejas,1,NA,0
2020-04-30,Medina Sidonia,4,NA,2
2020-04-30,Paterna de Rivera,1,NA,0
2020-04-30,Puerto de Santa María (El),56,2,4
2020-04-30,Puerto Real,45,3,5
2020-04-30,San Fernando,192,12,16
2020-04-30,Vejer de la Frontera,2,NA,0
2020-04-30,Jerez-Costa Noroeste,356,44,51
2020-04-30,Chipiona,12,NA,1
2020-04-30,Jerez de la Frontera,264,38,40
2020-04-30,San José del Valle,3,NA,0
2020-04-30,Rota,26,3,2
2020-04-30,Sanlúcar de Barrameda,31,1,4
2020-04-30,Trebujena,20,2,4
2020-04-30,Sierra de Cádiz,167,26,15
2020-04-30,Alcalá del Valle,71,11,7
2020-04-30,Setenil de las Bodegas,4,NA,0
2020-04-30,Algar,2,NA,0
2020-04-30,Arcos de la Frontera,10,3,2
2020-04-30,Espera,NA,NA,NA
2020-04-30,Algodonales,2,1,0
2020-04-30,Gastor (El),1,NA,0
2020-04-30,Olvera,4,1,1
2020-04-30,Torre Alháquime,NA,NA,NA
2020-04-30,Zahara,NA,NA,NA
2020-04-30,Benaocaz,1,NA,0
2020-04-30,Grazalema,1,NA,0
2020-04-30,Ubrique,48,6,1
2020-04-30,Villaluenga del Rosario,2,NA,0
2020-04-30,Bornos,4,2,0
2020-04-30,Bosque (El),NA,NA,NA
2020-04-30,Prado del Rey,5,2,0
2020-04-30,Puerto Serrano,NA,NA,NA
2020-04-30,Villamartín,12,NA,4
2020-04-30,Córdoba,1462,99,164
2020-04-30,Córdoba (distrito),655,31,79
2020-04-30,Córdoba (capital),655,31,79
2020-04-30,Córdoba Sur,545,46,69
2020-04-30,Aguilar de la Frontera,10,NA,1
2020-04-30,Baena,49,3,2
2020-04-30,Luque,2,NA,0
2020-04-30,Zuheros,NA,NA,NA
2020-04-30,Benamejí,2,NA,0
2020-04-30,Encinas Reales,4,1,0
2020-04-30,Palenciana,2,NA,0
2020-04-30,Cabra,44,1,5
2020-04-30,Doña Mencía,2,NA,0
2020-04-30,Nueva Carteya,1,NA,1
2020-04-30,Castro del Río,20,3,0
2020-04-30,Espejo,3,NA,0
2020-04-30,Fernán-Núñez,18,1,1
2020-04-30,Montemayor,12,1,0
2020-04-30,Iznájar,25,3,0
2020-04-30,Guijarrosa (La),NA,NA,NA
2020-04-30,Montalbán de Córdoba,3,NA,1
2020-04-30,Rambla (La),6,NA,1
2020-04-30,Santaella,4,NA,1
2020-04-30,Lucena,83,3,42
2020-04-30,Monturque,NA,NA,NA
2020-04-30,Moriles,3,NA,0
2020-04-30,Montilla,80,10,1
2020-04-30,Almedinilla,1,NA,0
2020-04-30,Carcabuey,NA,NA,NA
2020-04-30,Fuente-Tójar,1,NA,0
2020-04-30,Priego de Córdoba,34,3,1
2020-04-30,Puente Genil,43,4,11
2020-04-30,Rute,93,13,1
2020-04-30,Guadalquivir,62,5,11
2020-04-30,Bujalance,8,NA,1
2020-04-30,Cañete de las Torres,1,NA,0
2020-04-30,Carpio (El),2,NA,0
2020-04-30,Valenzuela,2,NA,0
2020-04-30,Villafranca de Córdoba,2,NA,0
2020-04-30,Fuente Carreteros,NA,NA,NA
2020-04-30,Fuente Palmera,2,NA,0
2020-04-30,Carlota (La),6,1,0
2020-04-30,San Sebastián de los Ballesteros,NA,NA,NA
2020-04-30,Victoria (La),2,NA,0
2020-04-30,Obejo,1,NA,1
2020-04-30,Villaharta,1,1,0
2020-04-30,Villaviciosa de Córdoba,NA,NA,NA
2020-04-30,Adamuz,2,NA,0
2020-04-30,Montoro,6,1,0
2020-04-30,Pedro Abad,3,NA,0
2020-04-30,Villa del Río,8,NA,6
2020-04-30,Palma del Río,6,NA,0
2020-04-30,Peñaflor,1,1,0
2020-04-30,Almodóvar del Río,4,NA,1
2020-04-30,Guadalcázar,1,NA,0
2020-04-30,Hornachuelos,1,1,0
2020-04-30,Posadas,3,NA,2
2020-04-30,Córdoba Norte,200,17,5
2020-04-30,Belalcázar,28,4,0
2020-04-30,Hinojosa del Duque,37,1,1
2020-04-30,Belmez,7,2,0
2020-04-30,Blázquez (Los),NA,NA,NA
2020-04-30,Espiel,3,NA,0
2020-04-30,Fuente Obejuna,6,NA,0
2020-04-30,Granjuela (La),NA,NA,NA
2020-04-30,Peñarroya-Pueblonuevo,21,NA,0
2020-04-30,Valsequillo,NA,NA,NA
2020-04-30,Villanueva del Rey,38,5,0
2020-04-30,Alcaracejos,NA,NA,NA
2020-04-30,Añora,NA,NA,NA
2020-04-30,Dos Torres,NA,NA,NA
2020-04-30,Fuente la Lancha,NA,NA,NA
2020-04-30,Guijo (El),NA,NA,NA
2020-04-30,Pedroche,NA,NA,NA
2020-04-30,Pozoblanco,25,NA,2
2020-04-30,Santa Eufemia,NA,NA,NA
2020-04-30,Torrecampo,25,5,0
2020-04-30,Villanueva del Duque,3,NA,0
2020-04-30,Villaralto,NA,NA,NA
2020-04-30,Viso (El),1,NA,0
2020-04-30,Cardeña,NA,NA,NA
2020-04-30,Conquista,1,NA,0
2020-04-30,Villanueva de Córdoba,5,NA,2
2020-04-30,Granada,2693,244,468
2020-04-30,Granada Sur,174,13,12
2020-04-30,Albondón,NA,NA,NA
2020-04-30,Albuñol,3,NA,0
2020-04-30,Sorvilán,NA,NA,NA
2020-04-30,Almuñécar,19,1,2
2020-04-30,Jete,NA,NA,NA
2020-04-30,Lentegí,NA,NA,NA
2020-04-30,Otívar,NA,NA,NA
2020-04-30,Alpujarra de la Sierra,2,1,0
2020-04-30,Bérchules,NA,NA,NA
2020-04-30,Cádiar,NA,NA,NA
2020-04-30,Cástaras,NA,NA,NA
2020-04-30,Juviles,NA,NA,NA
2020-04-30,Lobras,NA,NA,NA
2020-04-30,Murtas,1,1,0
2020-04-30,Turón,NA,NA,NA
2020-04-30,Gualchos,8,1,1
2020-04-30,Lújar,NA,NA,NA
2020-04-30,Motril,116,7,7
2020-04-30,Polopos,NA,NA,NA
2020-04-30,Torrenueva Costa,NA,NA,NA
2020-04-30,Vélez de Benaudalla,1,NA,0
2020-04-30,Almegíjar,NA,NA,NA
2020-04-30,Bubión,NA,NA,NA
2020-04-30,Busquístar,NA,NA,NA
2020-04-30,Cáñar,NA,NA,NA
2020-04-30,Capileira,NA,NA,NA
2020-04-30,Carataunas,NA,NA,NA
2020-04-30,Lanjarón,5,1,0
2020-04-30,Órgiva,7,1,0
2020-04-30,Pampaneira,NA,NA,NA
2020-04-30,Pórtugos,NA,NA,NA
2020-04-30,Rubite,NA,NA,NA
2020-04-30,Soportújar,NA,NA,NA
2020-04-30,Taha (La),1,NA,0
2020-04-30,Torvizcón,NA,NA,NA
2020-04-30,Trevélez,1,NA,0
2020-04-30,Guájares (Los),1,NA,1
2020-04-30,Ítrabo,NA,NA,NA
2020-04-30,Molvízar,1,NA,1
2020-04-30,Salobreña,8,NA,0
2020-04-30,Nevada,NA,NA,NA
2020-04-30,Ugíjar,NA,NA,NA
2020-04-30,Válor,NA,NA,NA
2020-04-30,Granada Nordeste,139,10,39
2020-04-30,Baza,19,1,10
2020-04-30,Caniles,1,NA,0
2020-04-30,Cuevas del Campo,1,NA,0
2020-04-30,Cúllar,3,NA,1
2020-04-30,Freila,NA,NA,NA
2020-04-30,Zújar,2,NA,1
2020-04-30,Benamaurel,2,NA,0
2020-04-30,Castilléjar,1,NA,1
2020-04-30,Castril,4,1,0
2020-04-30,Cortes de Baza,2,NA,0
2020-04-30,Albuñán,1,1,0
2020-04-30,Cogollos de Guadix,1,NA,0
2020-04-30,Gor,NA,NA,NA
2020-04-30,Gorafe,1,1,0
2020-04-30,Guadix,77,3,19
2020-04-30,Valle del Zalabí,2,NA,0
2020-04-30,Galera,1,1,0
2020-04-30,Huéscar,3,NA,2
2020-04-30,Orce,NA,NA,NA
2020-04-30,Puebla de Don Fadrique,2,NA,2
2020-04-30,Aldeire,1,NA,0
2020-04-30,Alquife,3,NA,1
2020-04-30,Calahorra (La),1,NA,0
2020-04-30,Dólar,NA,NA,NA
2020-04-30,Ferreira,1,NA,0
2020-04-30,Huéneja,NA,NA,NA
2020-04-30,Jérez del Marquesado,NA,NA,NA
2020-04-30,Lanteira,NA,NA,NA
2020-04-30,Alamedilla,1,1,0
2020-04-30,Alicún de Ortega,NA,NA,NA
2020-04-30,Dehesas de Guadix,NA,NA,NA
2020-04-30,Huélago,NA,NA,NA
2020-04-30,Morelábor,NA,NA,NA
2020-04-30,Pedro Martínez,NA,NA,NA
2020-04-30,Villanueva de las Torres,NA,NA,NA
2020-04-30,Beas de Guadix,1,NA,0
2020-04-30,Benalúa,2,NA,0
2020-04-30,Cortes y Graena,NA,NA,NA
2020-04-30,Darro,NA,NA,NA
2020-04-30,Diezma,1,NA,1
2020-04-30,Fonelas,4,1,0
2020-04-30,Lugros,NA,NA,NA
2020-04-30,Marchal,NA,NA,NA
2020-04-30,Peza (La),NA,NA,NA
2020-04-30,Polícar,NA,NA,NA
2020-04-30,Purullena,1,NA,1
2020-04-30,Granada (distrito),1140,102,219
2020-04-30,Beas de Granada,1,NA,0
2020-04-30,Granada (capital),1121,101,217
2020-04-30,Huétor de Santillán,4,NA,1
2020-04-30,Jun,14,1,1
2020-04-30,Metropolitano de Granada,1240,119,198
2020-04-30,Albolote,32,1,8
2020-04-30,Calicasas,2,NA,0
2020-04-30,Colomera,NA,NA,NA
2020-04-30,Deifontes,4,NA,0
2020-04-30,Alfacar,15,2,2
2020-04-30,Cogollos de la Vega,4,1,0
2020-04-30,Güevéjar,8,1,0
2020-04-30,Nívar,1,NA,1
2020-04-30,Víznar,1,NA,0
2020-04-30,Alhama de Granada,5,NA,0
2020-04-30,Arenas del Rey,NA,NA,NA
2020-04-30,Cacín,NA,NA,NA
2020-04-30,Fornes,NA,NA,NA
2020-04-30,Játar,NA,NA,NA
2020-04-30,Jayena,NA,NA,NA
2020-04-30,Santa Cruz del Comercio,NA,NA,NA
2020-04-30,Zafarraya,NA,NA,NA
2020-04-30,Alhendín,22,2,5
2020-04-30,Armilla,126,12,21
2020-04-30,Dílar,5,NA,1
2020-04-30,Villa de Otura,23,1,5
2020-04-30,Atarfe,34,2,7
2020-04-30,Cenes de la Vega,24,5,4
2020-04-30,Dúdar,NA,NA,NA
2020-04-30,Güéjar Sierra,24,3,0
2020-04-30,Pinos Genil,3,NA,2
2020-04-30,Quéntar,3,NA,0
2020-04-30,Agrón,2,NA,1
2020-04-30,Churriana de la Vega,30,NA,6
2020-04-30,Cúllar Vega,24,NA,1
2020-04-30,Escúzar,1,NA,1
2020-04-30,Gabias (Las),38,1,7
2020-04-30,Malahá (La),4,NA,0
2020-04-30,Vegas del Genil,58,8,12
2020-04-30,Ventas de Huelma,1,NA,0
2020-04-30,Huétor Tájar,11,NA,2
2020-04-30,Moraleda de Zafayona,2,NA,1
2020-04-30,Salar,2,NA,0
2020-04-30,Villanueva Mesía,4,2,0
2020-04-30,Íllora,7,NA,2
2020-04-30,Benalúa de las Villas,1,NA,0
2020-04-30,Campotéjar,1,NA,0
2020-04-30,Dehesas Viejas,NA,NA,NA
2020-04-30,Domingo Pérez de Granada,NA,NA,NA
2020-04-30,Gobernador,NA,NA,NA
2020-04-30,Guadahortuna,1,NA,0
2020-04-30,Iznalloz,14,1,1
2020-04-30,Montejícar,1,1,1
2020-04-30,Montillana,NA,NA,NA
2020-04-30,Píñar,1,NA,0
2020-04-30,Torre-Cardela,NA,NA,NA
2020-04-30,Cájar,46,2,5
2020-04-30,Gójar,16,2,4
2020-04-30,Huétor Vega,33,NA,6
2020-04-30,Monachil,37,3,5
2020-04-30,Ogíjares,55,4,7
2020-04-30,Zubia (La),89,12,7
2020-04-30,Loja,52,6,3
2020-04-30,Zagra,5,NA,5
2020-04-30,Maracena,93,9,22
2020-04-30,Algarinejo,3,NA,0
2020-04-30,Montefrío,27,3,14
2020-04-30,Peligros,28,3,6
2020-04-30,Pulianas,18,1,1
2020-04-30,Moclín,2,NA,0
2020-04-30,Pinos Puente,31,10,3
2020-04-30,Valderrubio,NA,NA,NA
2020-04-30,Chauchina,2,NA,0
2020-04-30,Chimeneas,NA,NA,NA
2020-04-30,Cijuela,4,1,2
2020-04-30,Fuente Vaqueros,12,NA,1
2020-04-30,Láchar,3,NA,0
2020-04-30,Santa Fe,110,16,11
2020-04-30,Albuñuelas,1,NA,0
2020-04-30,Dúrcal,6,NA,2
2020-04-30,Lecrín,5,2,0
2020-04-30,Nigüelas,2,NA,0
2020-04-30,Padul,19,2,3
2020-04-30,Pinar (El),NA,NA,NA
2020-04-30,Valle (El),1,NA,0
2020-04-30,Villamena,1,NA,0
2020-04-30,Huelva,446,43,62
2020-04-30,Sierra de Huelva-Andévalo Central,114,13,11
2020-04-30,Alájar,NA,NA,NA
2020-04-30,Aracena,53,8,1
2020-04-30,Castaño del Robledo,NA,NA,NA
2020-04-30,Corteconcepción,1,NA,0
2020-04-30,Cortelazor,NA,NA,NA
2020-04-30,Fuenteheridos,1,NA,0
2020-04-30,Galaroza,NA,NA,NA
2020-04-30,Higuera de la Sierra,NA,NA,NA
2020-04-30,Linares de la Sierra,NA,NA,NA
2020-04-30,Marines (Los),NA,NA,NA
2020-04-30,Puerto Moral,NA,NA,NA
2020-04-30,Santa Ana la Real,NA,NA,NA
2020-04-30,Valdelarco,1,NA,0
2020-04-30,Calañas,1,NA,1
2020-04-30,Cerro de Andévalo (El),NA,NA,NA
2020-04-30,Zarza-Perrunal (La),NA,NA,NA
2020-04-30,Almonaster la Real,1,1,0
2020-04-30,Aroche,1,NA,0
2020-04-30,Cortegana,3,NA,1
2020-04-30,Jabugo,NA,NA,NA
2020-04-30,Nava (La),NA,NA,NA
2020-04-30,Rosal de la Frontera,2,NA,0
2020-04-30,Cañaveral de León,NA,NA,NA
2020-04-30,Cumbres de Enmedio,NA,NA,NA
2020-04-30,Cumbres de San Bartolomé,1,NA,0
2020-04-30,Cumbres Mayores,2,NA,0
2020-04-30,Encinasola,NA,NA,NA
2020-04-30,Hinojales,NA,NA,NA
2020-04-30,Berrocal,NA,NA,NA
2020-04-30,Campillo (El),1,NA,0
2020-04-30,Campofrío,2,NA,0
2020-04-30,Granada de Río-Tinto (La),NA,NA,NA
2020-04-30,Minas de Riotinto,5,1,2
2020-04-30,Nerva,11,3,0
2020-04-30,Zalamea la Real,9,NA,1
2020-04-30,Valverde del Camino,19,NA,5
2020-04-30,Condado-Campiña,104,11,20
2020-04-30,Almonte,10,NA,1
2020-04-30,Bollullos Par del Condado,7,NA,2
2020-04-30,Beas,3,1,0
2020-04-30,Lucena del Puerto,4,1,1
2020-04-30,San Juan del Puerto,13,NA,1
2020-04-30,Trigueros,15,3,1
2020-04-30,Moguer,7,2,0
2020-04-30,Palos de la Frontera,5,1,2
2020-04-30,Bonares,NA,NA,NA
2020-04-30,Niebla,NA,NA,NA
2020-04-30,Rociana del Condado,3,NA,2
2020-04-30,Gibraleón,6,1,1
2020-04-30,San Bartolomé de la Torre,2,NA,0
2020-04-30,Escacena del Campo,4,NA,3
2020-04-30,Manzanilla,3,NA,1
2020-04-30,Palma del Condado (La),14,1,4
2020-04-30,Paterna del Campo,4,1,0
2020-04-30,Villalba del Alcor,2,NA,0
2020-04-30,Villarrasa,2,NA,1
2020-04-30,Huelva-Costa,228,19,31
2020-04-30,Aljaraque,21,NA,1
2020-04-30,Almendro (El),3,NA,0
2020-04-30,Alosno,2,1,0
2020-04-30,Cabezas Rubias,NA,NA,NA
2020-04-30,Granado (El),1,NA,0
2020-04-30,Paymogo,1,NA,0
2020-04-30,Puebla de Guzmán,3,NA,0
2020-04-30,Sanlúcar de Guadiana,NA,NA,NA
2020-04-30,Santa Bárbara de Casa,6,1,0
2020-04-30,Villanueva de las Cruces,NA,NA,NA
2020-04-30,Villanueva de los Castillejos,5,NA,1
2020-04-30,Ayamonte,6,1,2
2020-04-30,Cartaya,4,1,0
2020-04-30,Huelva (capital),158,13,22
2020-04-30,Isla Cristina,5,1,2
2020-04-30,Lepe,7,NA,2
2020-04-30,San Silvestre de Guzmán,NA,NA,NA
2020-04-30,Villablanca,NA,NA,NA
2020-04-30,Punta Umbría,6,1,1
2020-04-30,Jaén,1483,161,126
2020-04-30,Jaén Sur,120,22,8
2020-04-30,Alcalá la Real,42,11,2
2020-04-30,Castillo de Locubín,6,1,0
2020-04-30,Frailes,4,NA,0
2020-04-30,Alcaudete,9,2,2
2020-04-30,Fuensanta de Martos,2,NA,0
2020-04-30,Martos,22,5,1
2020-04-30,Santiago de Calatrava,NA,NA,NA
2020-04-30,Higuera de Calatrava,NA,NA,NA
2020-04-30,Lopera,1,NA,0
2020-04-30,Porcuna,6,1,1
2020-04-30,Torredonjimeno,25,2,1
2020-04-30,Villardompardo,3,NA,1
2020-04-30,Jaén (distrito),672,66,49
2020-04-30,Cambil,19,3,0
2020-04-30,Campillo de Arenas,NA,NA,NA
2020-04-30,Cárcheles,1,1,0
2020-04-30,Noalejo,NA,NA,NA
2020-04-30,Bélmez de la Moraleda,2,NA,0
2020-04-30,Cabra del Santo Cristo,9,1,0
2020-04-30,Huelma,6,1,0
2020-04-30,Fuerte del Rey,NA,NA,NA
2020-04-30,Guardia de Jaén (La),21,1,1
2020-04-30,Jaén (capital),438,41,39
2020-04-30,Valdepeñas de Jaén,1,1,0
2020-04-30,Villares (Los),9,NA,1
2020-04-30,Albanchez de Mágina,NA,NA,NA
2020-04-30,Jimena,1,NA,0
2020-04-30,Mancha Real,22,1,1
2020-04-30,Pegalajar,5,2,0
2020-04-30,Torres,1,NA,0
2020-04-30,Cazalilla,1,NA,0
2020-04-30,Espeluy,NA,NA,NA
2020-04-30,Mengíbar,30,4,2
2020-04-30,Villatorres,38,4,1
2020-04-30,Jamilena,5,1,0
2020-04-30,Torredelcampo,63,5,4
2020-04-30,Jaén Norte,490,51,55
2020-04-30,Andújar,36,4,0
2020-04-30,Marmolejo,9,2,1
2020-04-30,Villanueva de la Reina,31,2,2
2020-04-30,Arjona,64,7,5
2020-04-30,Arjonilla,29,3,11
2020-04-30,Escañuela,2,NA,0
2020-04-30,Lahiguera,6,NA,1
2020-04-30,Bailén,39,5,4
2020-04-30,Baños de la Encina,3,NA,0
2020-04-30,Aldeaquemada,NA,NA,NA
2020-04-30,Carboneros,NA,NA,NA
2020-04-30,Carolina (La),21,2,0
2020-04-30,Santa Elena,NA,NA,NA
2020-04-30,Arquillos,4,2,0
2020-04-30,Guarromán,3,1,1
2020-04-30,Jabalquinto,4,1,0
2020-04-30,Linares,225,20,27
2020-04-30,Torreblascopedro,2,NA,0
2020-04-30,Vilches,5,1,3
2020-04-30,Castellar,NA,NA,NA
2020-04-30,Chiclana de Segura,NA,NA,NA
2020-04-30,Montizón,3,NA,0
2020-04-30,Navas de San Juan,2,1,0
2020-04-30,Santisteban del Puerto,2,NA,0
2020-04-30,Sorihuela del Guadalimar,NA,NA,NA
2020-04-30,Jaén Nordeste,201,22,14
2020-04-30,Baeza,31,3,1
2020-04-30,Begíjar,3,1,0
2020-04-30,Ibros,NA,NA,NA
2020-04-30,Lupión,NA,NA,NA
2020-04-30,Arroyo del Ojanco,1,NA,0
2020-04-30,Beas de Segura,3,NA,0
2020-04-30,Cazorla,10,2,1
2020-04-30,Chilluévar,3,NA,1
2020-04-30,Iruela (La),4,1,0
2020-04-30,Santo Tomé,32,4,4
2020-04-30,Bedmar y Garcíez,1,NA,0
2020-04-30,Jódar,2,NA,0
2020-04-30,Larva,1,NA,0
2020-04-30,Benatae,NA,NA,NA
2020-04-30,Génave,NA,NA,NA
2020-04-30,Hornos,NA,NA,NA
2020-04-30,Orcera,1,NA,1
2020-04-30,Puente de Génave,1,NA,0
2020-04-30,Puerta de Segura (La),NA,NA,NA
2020-04-30,Segura de la Sierra,1,1,0
2020-04-30,Siles,3,NA,0
2020-04-30,Torres de Albánchez,NA,NA,NA
2020-04-30,Villarrodrigo,NA,NA,NA
2020-04-30,Huesa,NA,NA,NA
2020-04-30,Peal de Becerro,11,3,0
2020-04-30,Quesada,NA,NA,NA
2020-04-30,Hinojares,NA,NA,NA
2020-04-30,Pozo Alcón,NA,NA,NA
2020-04-30,Santiago-Pontones,5,1,1
2020-04-30,Sabiote,2,NA,0
2020-04-30,Torreperogil,10,NA,0
2020-04-30,Canena,NA,NA,NA
2020-04-30,Rus,3,NA,0
2020-04-30,Úbeda,61,5,2
2020-04-30,Villacarrillo,11,1,3
2020-04-30,Iznatoraf,NA,NA,NA
2020-04-30,Villanueva del Arzobispo,1,NA,0
2020-04-30,Málaga,3324,259,679
2020-04-30,La Vega,177,25,3
2020-04-30,Antequera,83,10,1
2020-04-30,Valle de Abdalajís,7,1,0
2020-04-30,Villanueva de la Concepción,5,1,0
2020-04-30,Villanueva del Rosario,6,NA,0
2020-04-30,Archidona,16,3,0
2020-04-30,Cuevas Bajas,16,1,0
2020-04-30,Cuevas de San Marcos,5,1,0
2020-04-30,Villanueva de Algaidas,2,1,0
2020-04-30,Villanueva de Tapia,1,1,0
2020-04-30,Villanueva del Trabuco,2,NA,0
2020-04-30,Almargen,1,1,0
2020-04-30,Campillos,6,NA,0
2020-04-30,Cañete la Real,2,1,1
2020-04-30,Sierra de Yeguas,6,2,0
2020-04-30,Teba,10,2,0
2020-04-30,Alameda,1,NA,0
2020-04-30,Fuente de Piedra,2,NA,1
2020-04-30,Humilladero,5,NA,0
2020-04-30,Mollina,1,NA,0
2020-04-30,Axarquía,151,12,12
2020-04-30,Algarrobo,4,NA,0
2020-04-30,Árchez,NA,NA,NA
2020-04-30,Canillas de Albaida,NA,NA,NA
2020-04-30,Cómpeta,NA,NA,NA
2020-04-30,Sayalonga,NA,NA,NA
2020-04-30,Almáchar,3,NA,0
2020-04-30,Benamargosa,NA,NA,NA
2020-04-30,Benamocarra,4,NA,1
2020-04-30,Borge (El),NA,NA,NA
2020-04-30,Comares,NA,NA,NA
2020-04-30,Cútar,NA,NA,NA
2020-04-30,Iznate,NA,NA,NA
2020-04-30,Alfarnate,1,NA,0
2020-04-30,Alfarnatejo,NA,NA,NA
2020-04-30,Casabermeja,5,NA,1
2020-04-30,Colmenar,3,1,0
2020-04-30,Riogordo,2,NA,0
2020-04-30,Frigiliana,4,NA,0
2020-04-30,Nerja,7,1,0
2020-04-30,Torrox,7,NA,4
2020-04-30,Arenas,2,NA,0
2020-04-30,Vélez-Málaga,106,10,6
2020-04-30,Alcaucín,1,NA,0
2020-04-30,Canillas de Aceituno,NA,NA,NA
2020-04-30,Periana,2,NA,0
2020-04-30,Salares,NA,NA,NA
2020-04-30,Sedella,NA,NA,NA
2020-04-30,Viñuela,NA,NA,NA
2020-04-30,Valle del Guadalhorce,258,25,51
2020-04-30,Alhaurín de la Torre,96,7,24
2020-04-30,Alhaurín el Grande,40,4,6
2020-04-30,Álora,30,3,5
2020-04-30,Ardales,3,NA,0
2020-04-30,Carratraca,NA,NA,NA
2020-04-30,Alozaina,1,NA,0
2020-04-30,Casarabonela,1,NA,0
2020-04-30,Tolox,NA,NA,NA
2020-04-30,Yunquera,7,2,0
2020-04-30,Cártama,40,3,8
2020-04-30,Pizarra,6,1,0
2020-04-30,Coín,27,2,7
2020-04-30,Guaro,6,3,0
2020-04-30,Monda,1,NA,1
2020-04-30,Costa del Sol,695,39,177
2020-04-30,Casares,2,NA,1
2020-04-30,Estepona,72,4,38
2020-04-30,Manilva,3,NA,0
2020-04-30,Fuengirola,63,2,13
2020-04-30,Mijas,61,3,8
2020-04-30,Benahavís,8,NA,4
2020-04-30,Istán,NA,NA,NA
2020-04-30,Marbella,260,14,76
2020-04-30,Ojén,1,NA,1
2020-04-30,Benalmádena,119,10,27
2020-04-30,Torremolinos,106,6,9
2020-04-30,Málaga (distrito),1926,146,416
2020-04-30,Almogía,5,2,1
2020-04-30,Málaga (capital),1802,137,395
2020-04-30,Totalán,NA,NA,NA
2020-04-30,Macharaviaya,NA,NA,NA
2020-04-30,Moclinejo,1,NA,0
2020-04-30,Rincón de la Victoria,118,7,20
2020-04-30,Serranía,117,12,20
2020-04-30,Algatocín,1,NA,1
2020-04-30,Atajate,NA,NA,NA
2020-04-30,Benadalid,NA,NA,NA
2020-04-30,Benalauría,NA,NA,NA
2020-04-30,Benarrabá,NA,NA,NA
2020-04-30,Gaucín,NA,NA,NA
2020-04-30,Genalguacil,1,NA,0
2020-04-30,Jubrique,NA,NA,NA
2020-04-30,Benaoján,NA,NA,NA
2020-04-30,Cortes de la Frontera,1,NA,0
2020-04-30,Jimera de Líbar,NA,NA,NA
2020-04-30,Montejaque,NA,NA,NA
2020-04-30,Alpandeire,NA,NA,NA
2020-04-30,Arriate,10,NA,2
2020-04-30,Burgo (El),1,NA,0
2020-04-30,Cartajima,NA,NA,NA
2020-04-30,Cuevas del Becerro,4,NA,0
2020-04-30,Faraján,NA,NA,NA
2020-04-30,Igualeja,1,1,0
2020-04-30,Júzcar,NA,NA,NA
2020-04-30,Montecorto,NA,NA,NA
2020-04-30,Parauta,NA,NA,NA
2020-04-30,Pujerra,NA,NA,NA
2020-04-30,Ronda,98,11,17
2020-04-30,Serrato,NA,NA,NA
2020-04-30,Sevilla,2649,252,249
2020-04-30,Sevilla Sur,511,52,44
2020-04-30,Alcalá de Guadaíra,71,5,10
2020-04-30,Dos Hermanas,178,8,13
2020-04-30,Arahal,63,12,5
2020-04-30,Paradas,29,4,3
2020-04-30,Cabezas de San Juan (Las),12,2,6
2020-04-30,Cuervo de Sevilla (El),10,1,0
2020-04-30,Lebrija,82,13,4
2020-04-30,Palacios y Villafranca (Los),17,3,0
2020-04-30,Coripe,1,NA,0
2020-04-30,Montellano,6,1,0
2020-04-30,Morón de la Frontera,20,1,1
2020-04-30,Pruna,NA,NA,NA
2020-04-30,Coronil (El),NA,NA,NA
2020-04-30,Molares (Los),NA,NA,NA
2020-04-30,Palmar de Troya (El),NA,NA,NA
2020-04-30,Utrera,22,2,2
2020-04-30,Aljarafe,491,46,50
2020-04-30,Camas,16,1,1
2020-04-30,Castilleja de Guzmán,2,NA,0
2020-04-30,Santiponce,4,NA,0
2020-04-30,Valencina de la Concepción,4,NA,0
2020-04-30,Castilleja de la Cuesta,21,1,1
2020-04-30,Gines,6,NA,0
2020-04-30,Almensilla,9,1,1
2020-04-30,Coria del Río,25,2,3
2020-04-30,Isla Mayor,1,NA,0
2020-04-30,Puebla del Río (La),6,NA,0
2020-04-30,Mairena del Aljarafe,68,3,12
2020-04-30,Palomares del Río,8,NA,0
2020-04-30,Albaida del Aljarafe,2,NA,0
2020-04-30,Olivares,5,NA,1
2020-04-30,Salteras,5,NA,1
2020-04-30,Villanueva del Ariscal,4,NA,1
2020-04-30,Aznalcázar,6,NA,4
2020-04-30,Carrión de los Céspedes,1,NA,0
2020-04-30,Chucena,1,NA,0
2020-04-30,Hinojos,2,NA,0
2020-04-30,Huévar del Aljarafe,1,NA,0
2020-04-30,Pilas,9,NA,1
2020-04-30,Villamanrique de la Condesa,1,NA,0
2020-04-30,Gelves,14,1,1
2020-04-30,San Juan de Aznalfarache,154,32,9
2020-04-30,Aznalcóllar,1,1,0
2020-04-30,Benacazón,4,NA,2
2020-04-30,Bollullos de la Mitación,7,NA,2
2020-04-30,Castilleja del Campo,NA,NA,NA
2020-04-30,Espartinas,18,NA,3
2020-04-30,Sanlúcar la Mayor,12,1,1
2020-04-30,Umbrete,11,NA,0
2020-04-30,Bormujos,22,NA,3
2020-04-30,Tomares,41,3,3
2020-04-30,Sevilla Este,141,16,16
2020-04-30,Écija,22,3,7
2020-04-30,Algámitas,NA,NA,NA
2020-04-30,Corrales (Los),3,NA,1
2020-04-30,Martín de la Jara,3,NA,0
2020-04-30,Saucejo (El),2,NA,0
2020-04-30,Villanueva de San Juan,1,NA,0
2020-04-30,Badolatosa,NA,NA,NA
2020-04-30,Casariche,2,NA,0
2020-04-30,Estepa,19,4,1
2020-04-30,Gilena,1,NA,0
2020-04-30,Herrera,9,1,2
2020-04-30,Lora de Estepa,1,NA,0
2020-04-30,Marinaleda,1,NA,0
2020-04-30,Pedrera,3,NA,1
2020-04-30,Roda de Andalucía (La),11,NA,1
2020-04-30,Cañada Rosal,4,NA,0
2020-04-30,Fuentes de Andalucía,5,NA,0
2020-04-30,Luisiana (La),2,NA,0
2020-04-30,Marchena,32,6,2
2020-04-30,Aguadulce,NA,NA,NA
2020-04-30,Lantejuela,NA,NA,NA
2020-04-30,Osuna,13,NA,0
2020-04-30,Rubio (El),3,NA,1
2020-04-30,Puebla de Cazalla (La),4,2,0
2020-04-30,Sevilla Norte,213,22,24
2020-04-30,Alcalá del Río,6,NA,1
2020-04-30,Burguillos,8,NA,2
2020-04-30,Castilblanco de los Arroyos,4,NA,0
2020-04-30,Brenes,9,1,2
2020-04-30,Villaverde del Río,7,1,0
2020-04-30,Cantillana,9,1,2
2020-04-30,Tocina,9,NA,1
2020-04-30,Villanueva del Río y Minas,5,NA,1
2020-04-30,Carmona,19,2,5
2020-04-30,Alanís,1,NA,0
2020-04-30,Cazalla de la Sierra,2,1,0
2020-04-30,Guadalcanal,NA,NA,NA
2020-04-30,Constantina,3,NA,0
2020-04-30,Navas de la Concepción (Las),2,NA,1
2020-04-30,Pedroso (El),7,3,2
2020-04-30,San Nicolás del Puerto,NA,NA,NA
2020-04-30,Almadén de la Plata,NA,NA,NA
2020-04-30,Castillo de las Guardas (El),1,NA,0
2020-04-30,Garrobo (El),NA,NA,NA
2020-04-30,Gerena,6,NA,0
2020-04-30,Guillena,6,1,1
2020-04-30,Madroño (El),NA,NA,NA
2020-04-30,Real de la Jara (El),NA,NA,NA
2020-04-30,Ronquillo (El),1,NA,0
2020-04-30,Algaba (La),15,1,1
2020-04-30,Rinconada (La),30,NA,0
2020-04-30,Alcolea del Río,4,1,0
2020-04-30,Campana (La),NA,NA,NA
2020-04-30,Lora del Río,6,1,2
2020-04-30,Puebla de los Infantes (La),NA,NA,NA
2020-04-30,Mairena del Alcor,22,2,2
2020-04-30,Viso del Alcor (El),30,7,1
2020-04-30,Arroyomolinos de León,NA,NA,NA
2020-04-30,Cala,1,NA,0
2020-04-30,Santa Olalla del Cala,NA,NA,NA
2020-04-30,Zufre,NA,NA,NA
2020-04-30,Sevilla (distrito),1293,116,115
2020-04-30,Sevilla (capital),1293,116,115
2020-05-01,Almería,592,49,128
2020-05-01,Almería (distrito),274,15,85
2020-05-01,Almería (capital),208,9,69
2020-05-01,Alboloduy,NA,NA,NA
2020-05-01,Alhabia,2,NA,1
2020-05-01,Alhama de Almería,1,NA,0
2020-05-01,Alicún,NA,NA,NA
2020-05-01,Almócita,1,1,0
2020-05-01,Alsodux,NA,NA,NA
2020-05-01,Beires,NA,NA,NA
2020-05-01,Bentarique,NA,NA,NA
2020-05-01,Canjáyar,1,NA,1
2020-05-01,Huécija,NA,NA,NA
2020-05-01,Íllar,26,2,3
2020-05-01,Instinción,1,NA,1
2020-05-01,Ohanes,NA,NA,NA
2020-05-01,Padules,NA,NA,NA
2020-05-01,Rágol,NA,NA,NA
2020-05-01,Santa Cruz de Marchena,NA,NA,NA
2020-05-01,Terque,NA,NA,NA
2020-05-01,Benahadux,2,NA,0
2020-05-01,Gádor,1,NA,0
2020-05-01,Huércal de Almería,10,1,4
2020-05-01,Pechina,2,NA,1
2020-05-01,Rioja,NA,NA,NA
2020-05-01,Santa Fe de Mondújar,NA,NA,NA
2020-05-01,Viator,2,NA,0
2020-05-01,Carboneras,2,NA,2
2020-05-01,Níjar,7,1,3
2020-05-01,Abla,NA,NA,NA
2020-05-01,Abrucena,NA,NA,NA
2020-05-01,Fiñana,NA,NA,NA
2020-05-01,Gérgal,2,1,0
2020-05-01,Nacimiento,NA,NA,NA
2020-05-01,Olula de Castro,NA,NA,NA
2020-05-01,Tres Villas (Las),2,NA,0
2020-05-01,Benizalón,NA,NA,NA
2020-05-01,Lubrín,3,NA,0
2020-05-01,Lucainena de las Torres,NA,NA,NA
2020-05-01,Sorbas,NA,NA,NA
2020-05-01,Uleila del Campo,NA,NA,NA
2020-05-01,Alcudia de Monteagud,NA,NA,NA
2020-05-01,Benitagla,NA,NA,NA
2020-05-01,Castro de Filabres,NA,NA,NA
2020-05-01,Senés,NA,NA,NA
2020-05-01,Tabernas,1,NA,0
2020-05-01,Tahal,NA,NA,NA
2020-05-01,Turrillas,NA,NA,NA
2020-05-01,Velefique,NA,NA,NA
2020-05-01,Levante-Alto Almanzora,97,14,16
2020-05-01,Albanchez,1,NA,1
2020-05-01,Albox,14,3,2
2020-05-01,Arboleas,4,NA,1
2020-05-01,Cantoria,3,NA,0
2020-05-01,Cóbdar,NA,NA,NA
2020-05-01,Oria,NA,NA,NA
2020-05-01,Partaloa,NA,NA,NA
2020-05-01,Cuevas del Almanzora,4,1,0
2020-05-01,Huércal-Overa,16,2,1
2020-05-01,Pulpí,4,NA,1
2020-05-01,Taberno,NA,NA,NA
2020-05-01,Zurgena,1,NA,1
2020-05-01,Chirivel,1,NA,1
2020-05-01,María,2,NA,0
2020-05-01,Vélez-Blanco,NA,NA,NA
2020-05-01,Vélez-Rubio,3,1,0
2020-05-01,Chercos,NA,NA,NA
2020-05-01,Fines,2,NA,1
2020-05-01,Laroya,NA,NA,NA
2020-05-01,Líjar,1,1,0
2020-05-01,Macael,10,3,1
2020-05-01,Olula del Río,9,NA,3
2020-05-01,Purchena,3,1,1
2020-05-01,Sierro,NA,NA,NA
2020-05-01,Somontín,NA,NA,NA
2020-05-01,Suflí,NA,NA,NA
2020-05-01,Urrácal,NA,NA,NA
2020-05-01,Alcóntar,NA,NA,NA
2020-05-01,Armuña de Almanzora,NA,NA,NA
2020-05-01,Bacares,NA,NA,NA
2020-05-01,Bayarque,NA,NA,NA
2020-05-01,Lúcar,1,NA,0
2020-05-01,Serón,NA,NA,NA
2020-05-01,Tíjola,1,NA,1
2020-05-01,Antas,1,NA,0
2020-05-01,Bédar,NA,NA,NA
2020-05-01,Gallardos (Los),NA,NA,NA
2020-05-01,Garrucha,4,NA,0
2020-05-01,Mojácar,3,NA,0
2020-05-01,Turre,2,NA,1
2020-05-01,Vera,7,2,0
2020-05-01,Poniente de Almería,221,20,27
2020-05-01,Adra,9,1,2
2020-05-01,Alcolea,1,NA,1
2020-05-01,Bayárcal,NA,NA,NA
2020-05-01,Berja,1,NA,0
2020-05-01,Dalías,13,2,0
2020-05-01,Fondón,NA,NA,NA
2020-05-01,Láujar de Andarax,NA,NA,NA
2020-05-01,Paterna del Río,NA,NA,NA
2020-05-01,Balanegra,NA,NA,NA
2020-05-01,Ejido (El),48,4,8
2020-05-01,Enix,NA,NA,NA
2020-05-01,Felix,NA,NA,NA
2020-05-01,Roquetas de Mar,129,11,14
2020-05-01,Mojonera (La),4,NA,0
2020-05-01,Vícar,16,2,2
2020-05-01,Cádiz,1330,135,179
2020-05-01,Campo de Gibraltar,259,30,54
2020-05-01,Algeciras,161,17,31
2020-05-01,Castellar de la Frontera,NA,NA,NA
2020-05-01,Jimena de la Frontera,9,1,3
2020-05-01,San Martín del Tesorillo,NA,NA,NA
2020-05-01,Línea de la Concepción (La),30,1,7
2020-05-01,Barrios (Los),23,5,5
2020-05-01,San Roque,17,1,5
2020-05-01,Tarifa,19,5,3
2020-05-01,Bahía de Cádiz-La Janda,543,33,56
2020-05-01,Barbate,5,NA,1
2020-05-01,Cádiz (capital),167,5,24
2020-05-01,Chiclana de la Frontera,52,8,4
2020-05-01,Conil de la Frontera,6,2,0
2020-05-01,Alcalá de los Gazules,8,NA,0
2020-05-01,Benalup-Casas Viejas,1,NA,0
2020-05-01,Medina Sidonia,4,NA,2
2020-05-01,Paterna de Rivera,1,NA,0
2020-05-01,Puerto de Santa María (El),59,2,4
2020-05-01,Puerto Real,46,3,6
2020-05-01,San Fernando,192,13,15
2020-05-01,Vejer de la Frontera,2,NA,0
2020-05-01,Jerez-Costa Noroeste,359,44,53
2020-05-01,Chipiona,12,NA,1
2020-05-01,Jerez de la Frontera,268,38,42
2020-05-01,San José del Valle,3,NA,0
2020-05-01,Rota,25,3,2
2020-05-01,Sanlúcar de Barrameda,31,1,4
2020-05-01,Trebujena,20,2,4
2020-05-01,Sierra de Cádiz,169,28,16
2020-05-01,Alcalá del Valle,71,12,7
2020-05-01,Setenil de las Bodegas,5,NA,1
2020-05-01,Algar,2,NA,0
2020-05-01,Arcos de la Frontera,10,3,1
2020-05-01,Espera,NA,NA,NA
2020-05-01,Algodonales,2,1,0
2020-05-01,Gastor (El),1,NA,0
2020-05-01,Olvera,4,1,1
2020-05-01,Torre Alháquime,NA,NA,NA
2020-05-01,Zahara,NA,NA,NA
2020-05-01,Benaocaz,1,NA,0
2020-05-01,Grazalema,1,NA,0
2020-05-01,Ubrique,48,7,1
2020-05-01,Villaluenga del Rosario,2,NA,0
2020-05-01,Bornos,4,2,0
2020-05-01,Bosque (El),NA,NA,NA
2020-05-01,Prado del Rey,6,2,1
2020-05-01,Puerto Serrano,NA,NA,NA
2020-05-01,Villamartín,12,NA,4
2020-05-01,Córdoba,1477,100,166
2020-05-01,Córdoba (distrito),660,32,82
2020-05-01,Córdoba (capital),660,32,82
2020-05-01,Córdoba Sur,552,46,66
2020-05-01,Aguilar de la Frontera,10,NA,1
2020-05-01,Baena,49,3,2
2020-05-01,Luque,2,NA,0
2020-05-01,Zuheros,NA,NA,NA
2020-05-01,Benamejí,2,NA,0
2020-05-01,Encinas Reales,4,1,0
2020-05-01,Palenciana,2,NA,0
2020-05-01,Cabra,46,1,6
2020-05-01,Doña Mencía,2,NA,0
2020-05-01,Nueva Carteya,1,NA,1
2020-05-01,Castro del Río,20,3,0
2020-05-01,Espejo,3,NA,0
2020-05-01,Fernán-Núñez,18,1,1
2020-05-01,Montemayor,12,1,0
2020-05-01,Iznájar,25,3,0
2020-05-01,Guijarrosa (La),NA,NA,NA
2020-05-01,Montalbán de Córdoba,3,NA,1
2020-05-01,Rambla (La),6,NA,0
2020-05-01,Santaella,4,NA,1
2020-05-01,Lucena,83,3,39
2020-05-01,Monturque,NA,NA,NA
2020-05-01,Moriles,4,NA,1
2020-05-01,Montilla,84,10,0
2020-05-01,Almedinilla,1,NA,0
2020-05-01,Carcabuey,NA,NA,NA
2020-05-01,Fuente-Tójar,1,NA,0
2020-05-01,Priego de Córdoba,34,3,1
2020-05-01,Puente Genil,43,4,11
2020-05-01,Rute,93,13,1
2020-05-01,Guadalquivir,62,5,11
2020-05-01,Bujalance,8,NA,1
2020-05-01,Cañete de las Torres,1,NA,0
2020-05-01,Carpio (El),2,NA,0
2020-05-01,Valenzuela,2,NA,0
2020-05-01,Villafranca de Córdoba,2,NA,0
2020-05-01,Fuente Carreteros,NA,NA,NA
2020-05-01,Fuente Palmera,2,NA,0
2020-05-01,Carlota (La),6,1,0
2020-05-01,San Sebastián de los Ballesteros,NA,NA,NA
2020-05-01,Victoria (La),2,NA,0
2020-05-01,Obejo,1,NA,1
2020-05-01,Villaharta,1,1,0
2020-05-01,Villaviciosa de Córdoba,NA,NA,NA
2020-05-01,Adamuz,2,NA,0
2020-05-01,Montoro,6,1,0
2020-05-01,Pedro Abad,3,NA,0
2020-05-01,Villa del Río,8,NA,6
2020-05-01,Palma del Río,6,NA,0
2020-05-01,Peñaflor,1,1,0
2020-05-01,Almodóvar del Río,4,NA,1
2020-05-01,Guadalcázar,1,NA,0
2020-05-01,Hornachuelos,1,1,0
2020-05-01,Posadas,3,NA,2
2020-05-01,Córdoba Norte,203,17,7
2020-05-01,Belalcázar,28,4,0
2020-05-01,Hinojosa del Duque,37,1,1
2020-05-01,Belmez,7,2,0
2020-05-01,Blázquez (Los),NA,NA,NA
2020-05-01,Espiel,3,NA,0
2020-05-01,Fuente Obejuna,6,NA,0
2020-05-01,Granjuela (La),NA,NA,NA
2020-05-01,Peñarroya-Pueblonuevo,21,NA,0
2020-05-01,Valsequillo,NA,NA,NA
2020-05-01,Villanueva del Rey,38,5,0
2020-05-01,Alcaracejos,NA,NA,NA
2020-05-01,Añora,NA,NA,NA
2020-05-01,Dos Torres,NA,NA,NA
2020-05-01,Fuente la Lancha,NA,NA,NA
2020-05-01,Guijo (El),NA,NA,NA
2020-05-01,Pedroche,NA,NA,NA
2020-05-01,Pozoblanco,26,NA,3
2020-05-01,Santa Eufemia,NA,NA,NA
2020-05-01,Torrecampo,25,5,0
2020-05-01,Villanueva del Duque,3,NA,0
2020-05-01,Villaralto,1,NA,1
2020-05-01,Viso (El),1,NA,0
2020-05-01,Cardeña,NA,NA,NA
2020-05-01,Conquista,1,NA,0
2020-05-01,Villanueva de Córdoba,6,NA,2
2020-05-01,Granada,2739,248,493
2020-05-01,Granada Sur,176,13,13
2020-05-01,Albondón,NA,NA,NA
2020-05-01,Albuñol,3,NA,0
2020-05-01,Sorvilán,NA,NA,NA
2020-05-01,Almuñécar,19,1,2
2020-05-01,Jete,NA,NA,NA
2020-05-01,Lentegí,NA,NA,NA
2020-05-01,Otívar,NA,NA,NA
2020-05-01,Alpujarra de la Sierra,2,1,0
2020-05-01,Bérchules,NA,NA,NA
2020-05-01,Cádiar,NA,NA,NA
2020-05-01,Cástaras,NA,NA,NA
2020-05-01,Juviles,NA,NA,NA
2020-05-01,Lobras,NA,NA,NA
2020-05-01,Murtas,1,1,0
2020-05-01,Turón,NA,NA,NA
2020-05-01,Gualchos,8,1,1
2020-05-01,Lújar,NA,NA,NA
2020-05-01,Motril,118,7,8
2020-05-01,Polopos,NA,NA,NA
2020-05-01,Torrenueva Costa,NA,NA,NA
2020-05-01,Vélez de Benaudalla,1,NA,0
2020-05-01,Almegíjar,NA,NA,NA
2020-05-01,Bubión,NA,NA,NA
2020-05-01,Busquístar,NA,NA,NA
2020-05-01,Cáñar,NA,NA,NA
2020-05-01,Capileira,NA,NA,NA
2020-05-01,Carataunas,NA,NA,NA
2020-05-01,Lanjarón,5,1,0
2020-05-01,Órgiva,7,1,0
2020-05-01,Pampaneira,NA,NA,NA
2020-05-01,Pórtugos,NA,NA,NA
2020-05-01,Rubite,NA,NA,NA
2020-05-01,Soportújar,NA,NA,NA
2020-05-01,Taha (La),1,NA,0
2020-05-01,Torvizcón,NA,NA,NA
2020-05-01,Trevélez,1,NA,0
2020-05-01,Guájares (Los),1,NA,1
2020-05-01,Ítrabo,NA,NA,NA
2020-05-01,Molvízar,1,NA,1
2020-05-01,Salobreña,8,NA,0
2020-05-01,Nevada,NA,NA,NA
2020-05-01,Ugíjar,NA,NA,NA
2020-05-01,Válor,NA,NA,NA
2020-05-01,Granada Nordeste,140,10,39
2020-05-01,Baza,19,1,10
2020-05-01,Caniles,1,NA,0
2020-05-01,Cuevas del Campo,1,NA,0
2020-05-01,Cúllar,3,NA,1
2020-05-01,Freila,NA,NA,NA
2020-05-01,Zújar,2,NA,1
2020-05-01,Benamaurel,2,NA,0
2020-05-01,Castilléjar,1,NA,1
2020-05-01,Castril,4,1,0
2020-05-01,Cortes de Baza,2,NA,0
2020-05-01,Albuñán,1,1,0
2020-05-01,Cogollos de Guadix,1,NA,0
2020-05-01,Gor,NA,NA,NA
2020-05-01,Gorafe,1,1,0
2020-05-01,Guadix,77,3,18
2020-05-01,Valle del Zalabí,2,NA,0
2020-05-01,Galera,1,1,0
2020-05-01,Huéscar,3,NA,2
2020-05-01,Orce,NA,NA,NA
2020-05-01,Puebla de Don Fadrique,2,NA,2
2020-05-01,Aldeire,1,NA,0
2020-05-01,Alquife,3,NA,1
2020-05-01,Calahorra (La),1,NA,0
2020-05-01,Dólar,NA,NA,NA
2020-05-01,Ferreira,1,NA,0
2020-05-01,Huéneja,NA,NA,NA
2020-05-01,Jérez del Marquesado,NA,NA,NA
2020-05-01,Lanteira,1,NA,1
2020-05-01,Alamedilla,1,1,0
2020-05-01,Alicún de Ortega,NA,NA,NA
2020-05-01,Dehesas de Guadix,NA,NA,NA
2020-05-01,Huélago,NA,NA,NA
2020-05-01,Morelábor,NA,NA,NA
2020-05-01,Pedro Martínez,NA,NA,NA
2020-05-01,Villanueva de las Torres,NA,NA,NA
2020-05-01,Beas de Guadix,1,NA,0
2020-05-01,Benalúa,2,NA,0
2020-05-01,Cortes y Graena,NA,NA,NA
2020-05-01,Darro,NA,NA,NA
2020-05-01,Diezma,1,NA,1
2020-05-01,Fonelas,4,1,0
2020-05-01,Lugros,NA,NA,NA
2020-05-01,Marchal,NA,NA,NA
2020-05-01,Peza (La),NA,NA,NA
2020-05-01,Polícar,NA,NA,NA
2020-05-01,Purullena,1,NA,1
2020-05-01,Granada (distrito),1164,104,233
2020-05-01,Beas de Granada,1,NA,0
2020-05-01,Granada (capital),1143,103,230
2020-05-01,Huétor de Santillán,5,NA,1
2020-05-01,Jun,15,1,2
2020-05-01,Metropolitano de Granada,1259,121,208
2020-05-01,Albolote,34,1,9
2020-05-01,Calicasas,2,NA,0
2020-05-01,Colomera,NA,NA,NA
2020-05-01,Deifontes,4,NA,0
2020-05-01,Alfacar,15,2,2
2020-05-01,Cogollos de la Vega,4,1,0
2020-05-01,Güevéjar,8,1,0
2020-05-01,Nívar,1,NA,1
2020-05-01,Víznar,1,NA,0
2020-05-01,Alhama de Granada,5,NA,0
2020-05-01,Arenas del Rey,NA,NA,NA
2020-05-01,Cacín,NA,NA,NA
2020-05-01,Fornes,NA,NA,NA
2020-05-01,Játar,NA,NA,NA
2020-05-01,Jayena,NA,NA,NA
2020-05-01,Santa Cruz del Comercio,NA,NA,NA
2020-05-01,Zafarraya,NA,NA,NA
2020-05-01,Alhendín,23,2,6
2020-05-01,Armilla,132,12,26
2020-05-01,Dílar,5,NA,1
2020-05-01,Villa de Otura,23,1,5
2020-05-01,Atarfe,34,2,7
2020-05-01,Cenes de la Vega,25,5,5
2020-05-01,Dúdar,NA,NA,NA
2020-05-01,Güéjar Sierra,24,5,0
2020-05-01,Pinos Genil,3,NA,2
2020-05-01,Quéntar,3,NA,0
2020-05-01,Agrón,2,NA,1
2020-05-01,Churriana de la Vega,30,NA,6
2020-05-01,Cúllar Vega,24,NA,1
2020-05-01,Escúzar,1,NA,1
2020-05-01,Gabias (Las),38,1,6
2020-05-01,Malahá (La),4,NA,0
2020-05-01,Vegas del Genil,58,8,9
2020-05-01,Ventas de Huelma,1,NA,0
2020-05-01,Huétor Tájar,11,NA,2
2020-05-01,Moraleda de Zafayona,2,NA,1
2020-05-01,Salar,2,NA,0
2020-05-01,Villanueva Mesía,4,2,0
2020-05-01,Íllora,7,NA,2
2020-05-01,Benalúa de las Villas,1,NA,0
2020-05-01,Campotéjar,1,NA,0
2020-05-01,Dehesas Viejas,NA,NA,NA
2020-05-01,Domingo Pérez de Granada,NA,NA,NA
2020-05-01,Gobernador,NA,NA,NA
2020-05-01,Guadahortuna,2,NA,1
2020-05-01,Iznalloz,14,1,1
2020-05-01,Montejícar,1,1,1
2020-05-01,Montillana,NA,NA,NA
2020-05-01,Píñar,1,NA,0
2020-05-01,Torre-Cardela,NA,NA,NA
2020-05-01,Cájar,46,2,5
2020-05-01,Gójar,16,2,4
2020-05-01,Huétor Vega,34,NA,7
2020-05-01,Monachil,37,3,5
2020-05-01,Ogíjares,56,4,8
2020-05-01,Zubia (La),90,12,8
2020-05-01,Loja,53,6,4
2020-05-01,Zagra,5,NA,5
2020-05-01,Maracena,96,9,24
2020-05-01,Algarinejo,3,NA,0
2020-05-01,Montefrío,26,3,14
2020-05-01,Peligros,28,3,6
2020-05-01,Pulianas,18,1,1
2020-05-01,Moclín,3,NA,1
2020-05-01,Pinos Puente,32,10,3
2020-05-01,Valderrubio,NA,NA,NA
2020-05-01,Chauchina,2,NA,0
2020-05-01,Chimeneas,NA,NA,NA
2020-05-01,Cijuela,4,1,2
2020-05-01,Fuente Vaqueros,12,NA,1
2020-05-01,Láchar,3,NA,0
2020-05-01,Santa Fe,110,16,10
2020-05-01,Albuñuelas,1,NA,0
2020-05-01,Dúrcal,6,NA,2
2020-05-01,Lecrín,5,2,0
2020-05-01,Nigüelas,2,NA,0
2020-05-01,Padul,19,2,2
2020-05-01,Pinar (El),NA,NA,NA
2020-05-01,Valle (El),1,NA,0
2020-05-01,Villamena,1,NA,0
2020-05-01,Huelva,466,43,71
2020-05-01,Sierra de Huelva-Andévalo Central,118,13,12
2020-05-01,Alájar,NA,NA,NA
2020-05-01,Aracena,53,8,0
2020-05-01,Castaño del Robledo,NA,NA,NA
2020-05-01,Corteconcepción,1,NA,0
2020-05-01,Cortelazor,NA,NA,NA
2020-05-01,Fuenteheridos,1,NA,0
2020-05-01,Galaroza,NA,NA,NA
2020-05-01,Higuera de la Sierra,NA,NA,NA
2020-05-01,Linares de la Sierra,NA,NA,NA
2020-05-01,Marines (Los),NA,NA,NA
2020-05-01,Puerto Moral,NA,NA,NA
2020-05-01,Santa Ana la Real,NA,NA,NA
2020-05-01,Valdelarco,1,NA,0
2020-05-01,Calañas,1,NA,1
2020-05-01,Cerro de Andévalo (El),NA,NA,NA
2020-05-01,Zarza-Perrunal (La),NA,NA,NA
2020-05-01,Almonaster la Real,1,1,0
2020-05-01,Aroche,1,NA,0
2020-05-01,Cortegana,3,NA,1
2020-05-01,Jabugo,NA,NA,NA
2020-05-01,Nava (La),NA,NA,NA
2020-05-01,Rosal de la Frontera,2,NA,0
2020-05-01,Cañaveral de León,NA,NA,NA
2020-05-01,Cumbres de Enmedio,NA,NA,NA
2020-05-01,Cumbres de San Bartolomé,1,NA,0
2020-05-01,Cumbres Mayores,2,NA,0
2020-05-01,Encinasola,NA,NA,NA
2020-05-01,Hinojales,NA,NA,NA
2020-05-01,Berrocal,NA,NA,NA
2020-05-01,Campillo (El),1,NA,0
2020-05-01,Campofrío,2,NA,0
2020-05-01,Granada de Río-Tinto (La),NA,NA,NA
2020-05-01,Minas de Riotinto,5,1,1
2020-05-01,Nerva,11,3,0
2020-05-01,Zalamea la Real,9,NA,1
2020-05-01,Valverde del Camino,23,NA,8
2020-05-01,Condado-Campiña,107,11,23
2020-05-01,Almonte,10,NA,1
2020-05-01,Bollullos Par del Condado,7,NA,2
2020-05-01,Beas,3,1,0
2020-05-01,Lucena del Puerto,4,1,1
2020-05-01,San Juan del Puerto,13,NA,1
2020-05-01,Trigueros,15,3,1
2020-05-01,Moguer,7,2,0
2020-05-01,Palos de la Frontera,5,1,2
2020-05-01,Bonares,NA,NA,NA
2020-05-01,Niebla,NA,NA,NA
2020-05-01,Rociana del Condado,3,NA,2
2020-05-01,Gibraleón,6,1,1
2020-05-01,San Bartolomé de la Torre,2,NA,0
2020-05-01,Escacena del Campo,4,NA,3
2020-05-01,Manzanilla,3,NA,1
2020-05-01,Palma del Condado (La),16,1,6
2020-05-01,Paterna del Campo,4,1,0
2020-05-01,Villalba del Alcor,2,NA,0
2020-05-01,Villarrasa,3,NA,2
2020-05-01,Huelva-Costa,241,19,36
2020-05-01,Aljaraque,23,NA,3
2020-05-01,Almendro (El),3,NA,0
2020-05-01,Alosno,2,1,0
2020-05-01,Cabezas Rubias,NA,NA,NA
2020-05-01,Granado (El),1,NA,0
2020-05-01,Paymogo,1,NA,0
2020-05-01,Puebla de Guzmán,3,NA,0
2020-05-01,Sanlúcar de Guadiana,NA,NA,NA
2020-05-01,Santa Bárbara de Casa,6,1,0
2020-05-01,Villanueva de las Cruces,NA,NA,NA
2020-05-01,Villanueva de los Castillejos,5,NA,0
2020-05-01,Ayamonte,6,1,2
2020-05-01,Cartaya,4,1,0
2020-05-01,Huelva (capital),169,13,28
2020-05-01,Isla Cristina,5,1,1
2020-05-01,Lepe,7,NA,1
2020-05-01,San Silvestre de Guzmán,NA,NA,NA
2020-05-01,Villablanca,NA,NA,NA
2020-05-01,Punta Umbría,6,1,1
2020-05-01,Jaén,1513,162,129
2020-05-01,Jaén Sur,123,22,9
2020-05-01,Alcalá la Real,42,11,2
2020-05-01,Castillo de Locubín,6,1,0
2020-05-01,Frailes,4,NA,0
2020-05-01,Alcaudete,9,2,2
2020-05-01,Fuensanta de Martos,2,NA,0
2020-05-01,Martos,22,5,1
2020-05-01,Santiago de Calatrava,NA,NA,NA
2020-05-01,Higuera de Calatrava,NA,NA,NA
2020-05-01,Lopera,1,NA,0
2020-05-01,Porcuna,6,1,1
2020-05-01,Torredonjimeno,28,2,3
2020-05-01,Villardompardo,3,NA,0
2020-05-01,Jaén (distrito),686,66,51
2020-05-01,Cambil,19,3,0
2020-05-01,Campillo de Arenas,NA,NA,NA
2020-05-01,Cárcheles,1,1,0
2020-05-01,Noalejo,NA,NA,NA
2020-05-01,Bélmez de la Moraleda,2,NA,0
2020-05-01,Cabra del Santo Cristo,9,1,0
2020-05-01,Huelma,7,1,1
2020-05-01,Fuerte del Rey,NA,NA,NA
2020-05-01,Guardia de Jaén (La),22,1,0
2020-05-01,Jaén (capital),450,41,42
2020-05-01,Valdepeñas de Jaén,1,1,0
2020-05-01,Villares (Los),9,NA,1
2020-05-01,Albanchez de Mágina,NA,NA,NA
2020-05-01,Jimena,1,NA,0
2020-05-01,Mancha Real,22,1,1
2020-05-01,Pegalajar,5,2,0
2020-05-01,Torres,1,NA,0
2020-05-01,Cazalilla,1,NA,0
2020-05-01,Espeluy,NA,NA,NA
2020-05-01,Mengíbar,30,4,1
2020-05-01,Villatorres,38,4,1
2020-05-01,Jamilena,5,1,0
2020-05-01,Torredelcampo,63,5,4
2020-05-01,Jaén Norte,498,51,52
2020-05-01,Andújar,39,4,2
2020-05-01,Marmolejo,9,2,1
2020-05-01,Villanueva de la Reina,31,2,1
2020-05-01,Arjona,64,7,1
2020-05-01,Arjonilla,29,3,8
2020-05-01,Escañuela,2,NA,0
2020-05-01,Lahiguera,6,NA,1
2020-05-01,Bailén,40,5,5
2020-05-01,Baños de la Encina,3,NA,0
2020-05-01,Aldeaquemada,NA,NA,NA
2020-05-01,Carboneros,NA,NA,NA
2020-05-01,Carolina (La),21,2,0
2020-05-01,Santa Elena,NA,NA,NA
2020-05-01,Arquillos,4,2,0
2020-05-01,Guarromán,3,1,1
2020-05-01,Jabalquinto,4,1,0
2020-05-01,Linares,228,20,29
2020-05-01,Torreblascopedro,3,NA,1
2020-05-01,Vilches,5,1,2
2020-05-01,Castellar,NA,NA,NA
2020-05-01,Chiclana de Segura,NA,NA,NA
2020-05-01,Montizón,3,NA,0
2020-05-01,Navas de San Juan,2,1,0
2020-05-01,Santisteban del Puerto,2,NA,0
2020-05-01,Sorihuela del Guadalimar,NA,NA,NA
2020-05-01,Jaén Nordeste,206,23,17
2020-05-01,Baeza,32,3,2
2020-05-01,Begíjar,3,1,0
2020-05-01,Ibros,NA,NA,NA
2020-05-01,Lupión,NA,NA,NA
2020-05-01,Arroyo del Ojanco,1,NA,0
2020-05-01,Beas de Segura,3,NA,0
2020-05-01,Cazorla,10,2,1
2020-05-01,Chilluévar,3,NA,1
2020-05-01,Iruela (La),4,1,0
2020-05-01,Santo Tomé,32,4,4
2020-05-01,Bedmar y Garcíez,1,NA,0
2020-05-01,Jódar,2,NA,0
2020-05-01,Larva,1,NA,0
2020-05-01,Benatae,NA,NA,NA
2020-05-01,Génave,NA,NA,NA
2020-05-01,Hornos,NA,NA,NA
2020-05-01,Orcera,1,NA,1
2020-05-01,Puente de Génave,1,NA,0
2020-05-01,Puerta de Segura (La),1,NA,0
2020-05-01,Segura de la Sierra,1,1,0
2020-05-01,Siles,3,NA,0
2020-05-01,Torres de Albánchez,NA,NA,NA
2020-05-01,Villarrodrigo,NA,NA,NA
2020-05-01,Huesa,NA,NA,NA
2020-05-01,Peal de Becerro,11,3,0
2020-05-01,Quesada,NA,NA,NA
2020-05-01,Hinojares,NA,NA,NA
2020-05-01,Pozo Alcón,NA,NA,NA
2020-05-01,Santiago-Pontones,5,1,1
2020-05-01,Sabiote,2,NA,0
2020-05-01,Torreperogil,10,NA,0
2020-05-01,Canena,NA,NA,NA
2020-05-01,Rus,3,NA,0
2020-05-01,Úbeda,63,6,3
2020-05-01,Villacarrillo,12,1,4
2020-05-01,Iznatoraf,NA,NA,NA
2020-05-01,Villanueva del Arzobispo,1,NA,0
2020-05-01,Málaga,3416,261,724
2020-05-01,La Vega,205,25,31
2020-05-01,Antequera,101,10,19
2020-05-01,Valle de Abdalajís,9,1,2
2020-05-01,Villanueva de la Concepción,7,1,2
2020-05-01,Villanueva del Rosario,6,NA,0
2020-05-01,Archidona,17,3,1
2020-05-01,Cuevas Bajas,16,1,0
2020-05-01,Cuevas de San Marcos,5,1,0
2020-05-01,Villanueva de Algaidas,2,1,0
2020-05-01,Villanueva de Tapia,1,1,0
2020-05-01,Villanueva del Trabuco,2,NA,0
2020-05-01,Almargen,1,1,0
2020-05-01,Campillos,8,NA,2
2020-05-01,Cañete la Real,3,1,2
2020-05-01,Sierra de Yeguas,6,2,0
2020-05-01,Teba,11,2,1
2020-05-01,Alameda,1,NA,0
2020-05-01,Fuente de Piedra,2,NA,1
2020-05-01,Humilladero,6,NA,1
2020-05-01,Mollina,1,NA,0
2020-05-01,Axarquía,158,14,13
2020-05-01,Algarrobo,6,NA,1
2020-05-01,Árchez,NA,NA,NA
2020-05-01,Canillas de Albaida,NA,NA,NA
2020-05-01,Cómpeta,NA,NA,NA
2020-05-01,Sayalonga,NA,NA,NA
2020-05-01,Almáchar,3,NA,0
2020-05-01,Benamargosa,NA,NA,NA
2020-05-01,Benamocarra,4,NA,1
2020-05-01,Borge (El),NA,NA,NA
2020-05-01,Comares,NA,NA,NA
2020-05-01,Cútar,NA,NA,NA
2020-05-01,Iznate,NA,NA,NA
2020-05-01,Alfarnate,1,NA,0
2020-05-01,Alfarnatejo,NA,NA,NA
2020-05-01,Casabermeja,5,NA,1
2020-05-01,Colmenar,4,1,1
2020-05-01,Riogordo,2,NA,0
2020-05-01,Frigiliana,4,NA,0
2020-05-01,Nerja,7,1,0
2020-05-01,Torrox,7,NA,4
2020-05-01,Arenas,2,NA,0
2020-05-01,Vélez-Málaga,110,12,5
2020-05-01,Alcaucín,1,NA,0
2020-05-01,Canillas de Aceituno,NA,NA,NA
2020-05-01,Periana,2,NA,0
2020-05-01,Salares,NA,NA,NA
2020-05-01,Sedella,NA,NA,NA
2020-05-01,Viñuela,NA,NA,NA
2020-05-01,Valle del Guadalhorce,258,25,51
2020-05-01,Alhaurín de la Torre,96,7,24
2020-05-01,Alhaurín el Grande,40,4,6
2020-05-01,Álora,30,3,5
2020-05-01,Ardales,3,NA,0
2020-05-01,Carratraca,NA,NA,NA
2020-05-01,Alozaina,1,NA,0
2020-05-01,Casarabonela,1,NA,0
2020-05-01,Tolox,NA,NA,NA
2020-05-01,Yunquera,7,2,0
2020-05-01,Cártama,40,3,8
2020-05-01,Pizarra,6,1,0
2020-05-01,Coín,27,2,7
2020-05-01,Guaro,6,3,0
2020-05-01,Monda,1,NA,1
2020-05-01,Costa del Sol,719,39,184
2020-05-01,Casares,2,NA,1
2020-05-01,Estepona,73,4,37
2020-05-01,Manilva,3,NA,0
2020-05-01,Fuengirola,66,2,17
2020-05-01,Mijas,64,3,10
2020-05-01,Benahavís,8,NA,1
2020-05-01,Istán,NA,NA,NA
2020-05-01,Marbella,266,14,71
2020-05-01,Ojén,1,NA,1
2020-05-01,Benalmádena,126,10,33
2020-05-01,Torremolinos,110,6,13
2020-05-01,Málaga (distrito),1956,146,431
2020-05-01,Almogía,5,2,1
2020-05-01,Málaga (capital),1829,137,408
2020-05-01,Totalán,NA,NA,NA
2020-05-01,Macharaviaya,NA,NA,NA
2020-05-01,Moclinejo,1,NA,0
2020-05-01,Rincón de la Victoria,121,7,22
2020-05-01,Serranía,120,12,14
2020-05-01,Algatocín,1,NA,1
2020-05-01,Atajate,NA,NA,NA
2020-05-01,Benadalid,NA,NA,NA
2020-05-01,Benalauría,NA,NA,NA
2020-05-01,Benarrabá,NA,NA,NA
2020-05-01,Gaucín,NA,NA,NA
2020-05-01,Genalguacil,1,NA,0
2020-05-01,Jubrique,NA,NA,NA
2020-05-01,Benaoján,NA,NA,NA
2020-05-01,Cortes de la Frontera,1,NA,0
2020-05-01,Jimera de Líbar,NA,NA,NA
2020-05-01,Montejaque,NA,NA,NA
2020-05-01,Alpandeire,NA,NA,NA
2020-05-01,Arriate,10,NA,1
2020-05-01,Burgo (El),1,NA,0
2020-05-01,Cartajima,NA,NA,NA
2020-05-01,Cuevas del Becerro,4,NA,0
2020-05-01,Faraján,NA,NA,NA
2020-05-01,Igualeja,1,1,0
2020-05-01,Júzcar,NA,NA,NA
2020-05-01,Montecorto,NA,NA,NA
2020-05-01,Parauta,NA,NA,NA
2020-05-01,Pujerra,NA,NA,NA
2020-05-01,Ronda,101,11,12
2020-05-01,Serrato,NA,NA,NA
2020-05-01,Sevilla,2662,255,243
2020-05-01,Sevilla Sur,514,54,44
2020-05-01,Alcalá de Guadaíra,72,5,11
2020-05-01,Dos Hermanas,179,8,12
2020-05-01,Arahal,63,12,5
2020-05-01,Paradas,29,4,3
2020-05-01,Cabezas de San Juan (Las),12,2,5
2020-05-01,Cuervo de Sevilla (El),10,1,0
2020-05-01,Lebrija,83,13,5
2020-05-01,Palacios y Villafranca (Los),17,4,0
2020-05-01,Coripe,1,NA,0
2020-05-01,Montellano,6,1,0
2020-05-01,Morón de la Frontera,20,2,1
2020-05-01,Pruna,NA,NA,NA
2020-05-01,Coronil (El),NA,NA,NA
2020-05-01,Molares (Los),NA,NA,NA
2020-05-01,Palmar de Troya (El),NA,NA,NA
2020-05-01,Utrera,22,2,2
2020-05-01,Aljarafe,494,47,50
2020-05-01,Camas,16,1,1
2020-05-01,Castilleja de Guzmán,2,NA,0
2020-05-01,Santiponce,4,NA,0
2020-05-01,Valencina de la Concepción,4,NA,0
2020-05-01,Castilleja de la Cuesta,21,1,1
2020-05-01,Gines,6,NA,0
2020-05-01,Almensilla,9,1,1
2020-05-01,Coria del Río,26,2,3
2020-05-01,Isla Mayor,1,NA,0
2020-05-01,Puebla del Río (La),6,NA,0
2020-05-01,Mairena del Aljarafe,68,3,12
2020-05-01,Palomares del Río,8,NA,0
2020-05-01,Albaida del Aljarafe,2,NA,0
2020-05-01,Olivares,5,NA,1
2020-05-01,Salteras,5,NA,1
2020-05-01,Villanueva del Ariscal,4,NA,1
2020-05-01,Aznalcázar,6,NA,3
2020-05-01,Carrión de los Céspedes,1,NA,0
2020-05-01,Chucena,1,NA,0
2020-05-01,Hinojos,2,NA,0
2020-05-01,Huévar del Aljarafe,1,NA,0
2020-05-01,Pilas,9,NA,1
2020-05-01,Villamanrique de la Condesa,1,NA,0
2020-05-01,Gelves,15,1,2
2020-05-01,San Juan de Aznalfarache,155,33,9
2020-05-01,Aznalcóllar,1,1,0
2020-05-01,Benacazón,4,NA,2
2020-05-01,Bollullos de la Mitación,7,NA,2
2020-05-01,Castilleja del Campo,NA,NA,NA
2020-05-01,Espartinas,18,NA,3
2020-05-01,Sanlúcar la Mayor,12,1,1
2020-05-01,Umbrete,11,NA,0
2020-05-01,Bormujos,22,NA,3
2020-05-01,Tomares,41,3,3
2020-05-01,Sevilla Este,141,16,16
2020-05-01,Écija,21,3,6
2020-05-01,Algámitas,NA,NA,NA
2020-05-01,Corrales (Los),4,NA,2
2020-05-01,Martín de la Jara,3,NA,0
2020-05-01,Saucejo (El),2,NA,0
2020-05-01,Villanueva de San Juan,1,NA,0
2020-05-01,Badolatosa,NA,NA,NA
2020-05-01,Casariche,2,NA,0
2020-05-01,Estepa,19,4,1
2020-05-01,Gilena,1,NA,0
2020-05-01,Herrera,9,1,2
2020-05-01,Lora de Estepa,1,NA,0
2020-05-01,Marinaleda,1,NA,0
2020-05-01,Pedrera,3,NA,1
2020-05-01,Roda de Andalucía (La),11,NA,1
2020-05-01,Cañada Rosal,4,NA,0
2020-05-01,Fuentes de Andalucía,5,NA,0
2020-05-01,Luisiana (La),2,NA,0
2020-05-01,Marchena,32,6,2
2020-05-01,Aguadulce,NA,NA,NA
2020-05-01,Lantejuela,NA,NA,NA
2020-05-01,Osuna,13,NA,0
2020-05-01,Rubio (El),3,NA,1
2020-05-01,Puebla de Cazalla (La),4,2,0
2020-05-01,Sevilla Norte,213,22,23
2020-05-01,Alcalá del Río,6,NA,1
2020-05-01,Burguillos,8,NA,1
2020-05-01,Castilblanco de los Arroyos,4,NA,0
2020-05-01,Brenes,9,1,2
2020-05-01,Villaverde del Río,7,1,0
2020-05-01,Cantillana,9,1,2
2020-05-01,Tocina,9,NA,1
2020-05-01,Villanueva del Río y Minas,5,NA,1
2020-05-01,Carmona,19,2,5
2020-05-01,Alanís,1,NA,0
2020-05-01,Cazalla de la Sierra,2,1,0
2020-05-01,Guadalcanal,NA,NA,NA
2020-05-01,Constantina,3,NA,0
2020-05-01,Navas de la Concepción (Las),2,NA,1
2020-05-01,Pedroso (El),7,3,2
2020-05-01,San Nicolás del Puerto,NA,NA,NA
2020-05-01,Almadén de la Plata,NA,NA,NA
2020-05-01,Castillo de las Guardas (El),1,NA,0
2020-05-01,Garrobo (El),NA,NA,NA
2020-05-01,Gerena,6,NA,0
2020-05-01,Guillena,6,1,1
2020-05-01,Madroño (El),NA,NA,NA
2020-05-01,Real de la Jara (El),NA,NA,NA
2020-05-01,Ronquillo (El),1,NA,0
2020-05-01,Algaba (La),15,1,1
2020-05-01,Rinconada (La),30,NA,0
2020-05-01,Alcolea del Río,4,1,0
2020-05-01,Campana (La),NA,NA,NA
2020-05-01,Lora del Río,6,1,2
2020-05-01,Puebla de los Infantes (La),NA,NA,NA
2020-05-01,Mairena del Alcor,22,2,2
2020-05-01,Viso del Alcor (El),30,7,1
2020-05-01,Arroyomolinos de León,NA,NA,NA
2020-05-01,Cala,1,NA,0
2020-05-01,Santa Olalla del Cala,NA,NA,NA
2020-05-01,Zufre,NA,NA,NA
2020-05-01,Sevilla (distrito),1300,116,110
2020-05-01,Sevilla (capital),1300,116,110
